accession	clade	lineage	date
DQ443482	outgroup	nan	2001-01-01
DQ443480	outgroup	nan	2002-01-01
DQ443476	outgroup	nan	2004-01-01
DQ443479	outgroup	nan	2004-01-01
AY944032	I	nan	2003-01-01
DQ443477	outgroup	nan	2003-01-01
DQ443481	outgroup	nan	2001-01-01
DQ443478	outgroup	nan	2004-01-01
DQ443485	outgroup	nan	2001-01-01
DQ443484	outgroup	nan	2001-01-01
DQ443483	outgroup	nan	2003-01-01
DQ443488	outgroup	nan	2004-01-01
DQ443486	outgroup	nan	2001-01-01
DQ443487	outgroup	nan	2004-01-01
DQ443489	outgroup	nan	2004-01-01
DQ443490	outgroup	nan	2004-01-01
DQ443492	outgroup	nan	2004-01-01
DQ443494	outgroup	nan	2003-01-01
DQ443493	outgroup	nan	2003-01-01
DQ443495	outgroup	nan	2001-01-01
DQ443491	outgroup	nan	2004-01-01
DQ443496	outgroup	nan	2001-01-01
DQ443497	outgroup	nan	2002-01-01
DQ443498	outgroup	nan	2002-01-01
DQ443499	outgroup	nan	2002-01-01
DQ443501	outgroup	nan	2002-01-01
DQ443502	outgroup	nan	2002-01-01
DQ443504	outgroup	nan	2002-01-01
DQ443500	outgroup	nan	2002-01-01
DQ443503	outgroup	nan	2003-01-01
DQ443505	I	nan	2002-01-01
DQ443506	I	nan	2003-01-01
DQ443508	I	nan	2002-01-01
DQ443510	I	nan	2003-01-01
DQ443507	I	nan	2002-01-01
DQ443509	I	nan	2002-01-01
DQ443511	I	nan	2002-01-01
DQ443513	I	nan	2001-01-01
DQ443512	I	nan	2002-01-01
DQ443514	I	nan	2004-01-01
DQ443516	I	nan	2004-01-01
DQ443515	I	nan	2004-01-01
DQ443518	I	nan	2004-01-01
DQ443517	I	nan	2004-01-01
DQ443519	I	nan	2004-01-01
DQ443521	I	nan	2002-01-01
DQ443524	I	nan	2002-01-01
DQ443523	I	nan	2002-01-01
DQ443520	I	nan	2004-01-01
DQ443522	I	nan	2002-01-01
DQ443525	I	nan	2002-01-01
JX878408	I	nan	2006-10-31
JX878409	I	nan	2006-11-09
JX878407	I	nan	2006-10-09
JX878411	I	nan	2006-11-30
JX878410	I	nan	2006-11-24
JX878412	I	nan	2006-11-30
JX878413	I	nan	2006-12-14
JX878415	I	nan	2006-12-26
JX878414	I	nan	2006-12-14
JX878416	I	nan	2006-12-26
JX878417	I	nan	2006-12-14
JX878418	I	nan	2007-01-02
JF792045	nan	nan	2001-08-08
JF799095	nan	nan	2010-06-04
JX878420	I	nan	2007-02-26
JX878423	I	nan	2007-03-25
JX878419	I	nan	2007-02-10
JX878422	I	nan	2007-03-20
JX878424	I	nan	2007-03-25
JX878421	I	nan	2007-03-22
KC257461	I	nan	2010-01-01
JX878426	I	nan	2007-05-27
JX878425	I	nan	2007-04-20
JX878427	I	nan	2007-05-25
JX878428	I	nan	2007-06-30
JX878429	I	nan	2007-09-04
KC257460	I	nan	1985-01-01
KJ136820	IIa	nan	2012-03-01
KJ642612	I	nan	1986-01-01
KJ642613	I	nan	1970-01-01
KJ642614	IIa	nan	1965-01-01
KJ642615	II	nan	1978-01-01
KJ642617	IIb	nan	1971-01-01
KP739436	I	nan	2011-11-23
KP739435	I	nan	2011-11-23
KP739438	I	nan	2011-11-23
KJ642616	IIa	nan	1968-01-01
KP739440	I	nan	2012-09-12
KP739441	I	nan	2012-09-12
KP739443	I	nan	2012-09-12
KJ642619	I	nan	1988-01-01
KP739445	I	nan	2012-12-17
KJ642618	I	nan	1990-01-01
KP739446	I	nan	2012-12-17
KP739448	I	nan	2012-12-17
KC257459	I	nan	2005-01-01
KP849469	I	nan	2008-01-01
KP849470	IIa	nan	1971-01-01
KY979130	nan	nan	2016-08-16
KP739437	nan	nan	2011-11-23
KY979131	I	nan	2016-09-04
MF437051	outgroup	nan	2016-01-01
MF437052	I	nan	2016-01-01
KP739434	nan	nan	2011-11-23
KP739439	nan	nan	2012-09-12
KP739442	nan	nan	2012-09-12
KP849471	I	nan	1985-01-01
MG693723	IIb	A.3	2017-01-01
KP739444	nan	nan	2012-12-17
MK783027	IIb	A	2017-11-09
KP739447	nan	nan	2012-12-17
MK783028	IIb	A	2017-11-09
MK783029	IIb	A	2017-12-06
MK783031	IIb	A	2017-11-09
MK783030	IIb	A	2017-11-30
MG693724	IIb	A	2017-01-01
MG693725	IIb	A	2017-01-01
MG906726	nan	nan	2017-03-28
MK783032	IIb	A	2017-11-01
MK783033	IIb	A.3	2017-10-09
MN346692	IIa	nan	2017-03-05
MN346690	IIa	nan	2017-03-13
MN346694	IIa	nan	2017-03-28
MN346696	IIa	nan	2017-04-03
MN346695	IIa	nan	2017-04-02
MN346691	IIa	nan	2017-03-11
MN346693	IIa	nan	2017-04-08
MN346697	IIa	nan	2017-04-14
MN346698	IIa	nan	2017-01-24
MN346700	IIa	nan	2017-01-31
MN346699	IIa	nan	2017-01-23
MN648051	IIb	A.1	2018-10-04
MN346701	IIa	nan	2017-01-14
MN346702	IIa	nan	2018-05-11
MN346703	IIa	nan	2018-05-20
MN702445	I	nan	2017-02-06
MN702446	I	nan	2018-04-14
MN702444	I	nan	2017-02-06
MN702448	I	nan	2018-03-07
MN702449	I	nan	2016-01-02
MN702447	I	nan	2018-03-20
MN702450	I	nan	2016-01-01
MN702452	I	nan	2010-08-10
MN702453	I	nan	2001-08-11
MN702451	I	nan	2017-04-14
MT724769	IIa	nan	2012-01-01
MT250197	IIb	A.1	2019-01-01
MT724770	I	nan	2014-01-01
OL504741	IIb	A.1	2019-12-01
OL504742	IIb	A.1	2019-12-01
ON563414	IIb	B.1	2022-05-01
OL504743	IIb	A.1	2019-12-01
ON568298	IIb	B.1	2022-05-19
ON585031	IIb	B.1	2022-05-15
MT724772	I	nan	2014-01-01
ON585032	IIb	B.1	2022-05-17
ON585035	IIb	B.1	2022-05-15
ON585033	IIb	B.1	2022-05-15
ON585034	IIb	B.1	2022-05-15
ON585037	IIb	B.1.9	2022-05-15
ON585038	IIb	B.1.9	2022-05-15
MT724771	I	nan	2014-01-01
ON585030	IIb	B.1	2022-05-15
ON609725	IIb	B.1.3	2022-05-23
ON614676	IIb	B.1	2022-05-18
ON595760	IIb	B.1	2022-05-19
ON602722	IIb	B.1.10	2022-05-01
ON619835	IIb	B.1	2022-05-01
ON619836	IIb	B.1	2022-05-01
ON615424	IIb	B.1	2022-05-01
ON619838	IIb	B.1	2022-05-01
ON622712	IIb	B.1	2022-05-19
ON622713	IIb	B.1	2022-05-22
ON619837	IIb	B.1	2022-05-01
ON622720	IIb	B.1	2022-05-24
ON622718	IIb	B.1.8	2022-05-20
ON630332	IIb	nan	2022-05-01
ON631961	IIb	nan	2022-05-01
ON622722	IIb	B.1.3	2022-05-22
ON585036	IIb	B.1	2022-05-15
ON627808	IIb	B.1	2022-05-20
ON631241	IIb	B.1	2022-05-24
ON631963	IIb	B.1	2022-05-01
ON637938	IIb	B.1.1	2022-05-01
ON622721	IIb	B.1	2022-05-25
ON637939	IIb	B.1.5	2022-05-01
ON644344	IIb	B.1	2022-05-25
ON649708	IIb	B.1	2022-05-19
ON649712	IIb	B.1	2022-05-19
ON649713	IIb	B.1.9	2022-05-19
ON649710	IIb	B.1	2022-05-18
ON645312	IIb	B.1.3	2022-05-11
ON649717	IIb	B.1	2022-05-21
ON585029	IIb	B.1	2022-05-04
ON649711	IIb	B.1	2022-05-18
ON649718	IIb	B.1	2022-05-20
ON649719	IIb	B.1	2022-05-23
ON649720	IIb	B.1	2022-05-19
ON649721	IIb	B.1	2022-05-19
ON649722	IIb	B.1	2022-05-19
ON669283	IIb	nan	2022-05-01
ON649723	IIb	B.1	2022-05-20
ON649724	IIb	B.1	2022-05-23
ON649715	IIb	B.1	2022-05-20
ON649716	IIb	B.1	2022-05-23
ON649725	IIb	B.1	2022-05-23
ON649879	IIb	B.1	2022-05-20
ON674051	IIb	A.2.1	2022-05-01
ON676704	IIb	B.1	2022-05-01
ON675438	IIb	A.2	2022-05-01
ON676703	IIb	B.1	2022-05-01
ON676705	IIb	B.1	2022-05-01
ON676706	IIb	B.1	2022-05-01
ON649714	IIb	B.1.9	2022-05-20
ON676707	IIb	A.2.3	2021-07-01
ON682263	IIb	B.1	2022-05-01
ON676708	IIb	A.1.1	2021-11-01
ON682265	IIb	B.1	2022-05-01
ON682267	IIb	B.1	2022-05-01
ON682268	IIb	B.1	2022-05-01
ON682266	IIb	B.1	2022-05-01
ON682264	IIb	B.1	2022-05-01
ON694329	IIb	B.1.1	2022-05-01
ON682270	IIb	B.1	2022-05-01
ON682269	IIb	B.1	2022-05-01
ON694331	IIb	B.1.1	2022-05-01
ON694330	IIb	B.1.14	2022-05-01
ON694332	IIb	B.1.1	2022-05-01
ON694333	IIb	B.1.1	2022-05-01
ON694334	IIb	B.1.1	2022-05-01
ON694337	IIb	B.1.1	2022-05-01
ON694336	IIb	B.1	2022-05-01
ON694335	IIb	B.1	2022-05-01
ON720962	IIb	nan	2022-06-01
ON694339	IIb	B.1.1	2022-05-01
ON694338	IIb	B.1.1	2022-05-01
ON694341	IIb	B.1	2022-05-01
ON694340	IIb	B.1.1	2022-05-01
ON694342	IIb	B.1.14	2022-05-01
ON736420	IIb	B.1	2022-05-31
ON745215	IIb	B.1	2022-05-19
ON754984	IIb	B.1.3	2022-06-01
ON745225	IIb	B.1	2022-05-27
ON751962	IIb	B.1	2022-06-07
ON754985	IIb	B.1.3	2022-06-01
ON754987	IIb	B.1.3	2022-05-23
ON754986	IIb	B.1.3	2022-06-01
ON755040	IIb	B.1	2022-05-20
ON755231	IIb	B.1.3	2022-06-01
ON755039	IIb	B.1	2022-05-19
ON720849	IIb	B.1.8	2022-05-27
ON755232	IIb	B.1.1	2022-06-01
ON755233	IIb	B.1.5	2022-06-01
ON754989	IIb	B.1.4	2022-06-06
ON755234	IIb	B.1	2022-06-01
ON755235	IIb	B.1	2022-06-01
ON755236	IIb	B.1.1	2022-06-01
ON720848	IIb	B.1.10	2022-05-27
ON755237	IIb	B.1	2022-06-01
ON755238	IIb	B.1.1	2022-06-01
ON755239	IIb	B.1.2	2022-06-01
ON755240	IIb	B.1.1	2022-06-01
ON755241	IIb	B.1	2022-06-01
ON755242	IIb	B.1.1	2022-06-01
ON755243	IIb	B.1	2022-06-01
ON755244	IIb	B.1.2	2022-06-01
ON755245	IIb	B.1	2022-06-01
ON755247	IIb	B.1	2022-06-01
ON755246	IIb	B.1	2022-06-01
ON755248	IIb	B.1.3	2022-06-01
ON755249	IIb	B.1.7	2022-06-01
ON755250	IIb	B.1.1	2022-06-01
ON755252	IIb	B.1.1	2022-06-01
ON755251	IIb	B.1.3	2022-06-01
ON755253	IIb	B.1	2022-06-01
ON755254	IIb	B.1.5	2022-06-01
ON755256	IIb	B.1.3	2022-06-01
ON780016	IIb	B.1	2022-05-19
ON780017	IIb	B.1.5	2022-05-21
ON755255	IIb	B.1.7	2022-06-01
ON782021	IIb	B.1.3	2022-05-01
ON800897	IIb	nan	2022-06-01
ON782022	IIb	B.1	2022-01-01
ON782054	IIb	B.1.3	2022-05-31
ON792322	IIb	B.1.5	2022-06-02
ON782055	IIb	B.1.3	2022-05-31
ON792320	IIb	B.1.3	2022-06-01
ON803413	IIb	B.1.4	2022-05-21
ON803414	IIb	B.1.4	2022-05-21
ON792321	IIb	B.1.1	2022-06-02
ON803420	IIb	B.1	2022-05-19
ON803417	IIb	B.1.4	2022-05-17
ON803421	IIb	B.1	2022-05-19
ON803418	IIb	B.1	2022-05-18
ON803419	IIb	B.1	2022-05-14
ON803422	IIb	B.1	2022-05-19
ON803416	IIb	B.1	2022-05-17
ON803415	IIb	B.1.4	2022-05-20
ON803424	IIb	B.1	2022-05-19
ON803425	IIb	B.1	2022-05-19
ON803423	IIb	B.1	2022-05-19
ON803427	IIb	B.1	2022-05-18
ON803429	IIb	B.1	2022-05-19
ON803431	IIb	B.1	2022-05-20
ON803426	IIb	B.1	2022-05-19
ON803432	IIb	B.1	2022-05-20
ON803430	IIb	B.1	2022-05-19
ON803428	IIb	B.1	2022-05-21
ON803433	IIb	B.1	2022-05-20
ON803435	IIb	B.1	2022-05-20
ON803437	IIb	B.1	2022-05-20
ON803438	IIb	B.1	2022-05-20
ON803434	IIb	B.1	2022-05-20
ON803439	IIb	B.1	2022-05-20
ON803436	IIb	B.1	2022-05-20
ON803440	IIb	B.1	2022-05-22
ON803441	IIb	B.1	2022-05-23
ON803442	IIb	B.1	2022-05-16
ON803444	IIb	B.1	2022-05-24
ON808413	IIb	B.1.1	2022-05-15
ON808414	IIb	B.1	2022-05-15
ON803443	IIb	B.1	2022-05-16
ON808415	IIb	B.1	2022-05-15
ON808416	IIb	B.1	2022-05-15
ON808417	IIb	B.1	2022-05-15
ON813251	IIb	B.1.1	2022-06-01
ON813254	IIb	B.1	2022-06-01
ON813253	IIb	B.1.1	2022-06-01
ON813252	IIb	B.1	2022-06-01
ON813255	IIb	B.1	2022-06-01
ON813256	IIb	B.1.1	2022-06-01
ON813258	IIb	B.1.2	2022-06-01
ON813257	IIb	B.1.1	2022-06-01
ON813259	IIb	B.1.7	2022-06-01
ON813260	IIb	B.1	2022-06-01
ON813261	IIb	B.1.5	2022-06-01
ON813262	IIb	B.1.2	2022-06-01
ON813263	IIb	B.1.2	2022-06-01
ON813264	IIb	B.1.1	2022-06-01
ON813266	IIb	B.1.1	2022-06-01
ON813265	IIb	B.1.1	2022-06-01
ON813267	IIb	B.1	2022-06-01
ON838178	IIb	B.1.3	2022-06-01
ON838939	IIb	B.1	2022-06-06
ON838940	IIb	B.1	2022-05-20
ON843166	IIb	B.1	2022-05-24
ON843165	IIb	B.1.5	2022-05-24
ON843167	IIb	B.1	2022-05-26
ON843168	IIb	B.1	2022-05-26
ON843170	IIb	B.1.7	2022-05-26
ON843169	IIb	B.1	2022-05-26
ON843172	IIb	B.1	2022-05-27
ON843173	IIb	B.1	2022-05-27
ON843174	IIb	B.1	2022-05-30
ON843164	IIb	B.1	2022-05-18
ON843176	IIb	B.1	2022-06-02
ON843177	IIb	B.1	2022-06-02
ON843175	IIb	B.1.9	2022-05-30
ON843178	IIb	B.1	2022-06-02
ON843163	IIb	B.1	2022-05-13
ON853649	IIb	B.1.2	2022-06-01
ON853650	IIb	B.1.1	2022-06-01
ON843182	IIb	B.1	2022-05-30
ON843171	IIb	B.1	2022-05-26
ON843181	IIb	B.1.9	2022-06-06
ON843179	IIb	B.1.9	2022-06-02
ON853651	IIb	B.1.2	2022-06-01
ON843180	IIb	B.1	2022-06-03
ON853652	IIb	B.1.1	2022-06-01
ON853653	IIb	B.1.1	2022-06-01
ON853654	IIb	B.1	2022-06-01
ON853655	IIb	B.1.1	2022-06-01
ON853656	IIb	B.1.5	2022-06-01
ON853657	IIb	B.1	2022-06-01
ON853658	IIb	B.1.2	2022-06-01
ON853660	IIb	B.1.1	2022-06-01
ON853659	IIb	B.1.1	2022-06-01
ON853661	IIb	B.1.3	2022-06-01
ON853663	IIb	B.1.2	2022-06-01
ON853662	IIb	B.1.1	2022-06-01
ON853664	IIb	B.1.14	2022-06-01
ON853665	IIb	B.1.7	2022-06-01
ON853667	IIb	B.1.5	2022-06-01
ON853666	IIb	B.1	2022-06-01
ON853668	IIb	B.1.1	2022-06-01
ON853669	IIb	B.1.3	2022-06-01
ON853670	IIb	B.1	2022-06-01
ON853672	IIb	B.1.1	2022-06-01
ON853671	IIb	B.1	2022-06-01
ON853674	IIb	B.1	2022-06-01
ON853675	IIb	B.1	2022-06-01
ON853673	IIb	B.1.1	2022-06-01
ON853676	IIb	B.1	2022-06-01
ON853678	IIb	B.1	2022-06-01
ON853677	IIb	B.1.1	2022-06-01
ON853679	IIb	B.1	2022-06-01
ON853680	IIb	B.1.1	2022-06-01
ON853681	IIb	B.1.2	2022-06-01
ON853682	IIb	B.1	2022-06-01
ON880413	IIb	B.1.12	2022-06-14
ON880420	IIb	B.1	2022-05-27
ON880419	IIb	B.1	2022-05-27
ON880421	IIb	B.1	2022-05-27
ON880422	IIb	B.1	2022-05-27
ON872184	IIb	B.1	2022-05-30
ON880505	IIb	B.1.4	2022-05-20
ON880508	IIb	B.1	2022-05-30
ON880511	IIb	B.1.4	2022-05-30
ON880512	IIb	B.1	2022-06-01
ON880506	IIb	B.1.4	2022-05-22
ON880509	IIb	B.1	2022-05-29
ON880513	IIb	B.1.4	2022-06-04
ON880510	IIb	B.1.4	2022-05-31
ON880507	IIb	B.1.4	2022-05-27
ON880515	IIb	B.1.4	2022-06-02
ON880516	IIb	B.1	2022-06-02
ON880517	IIb	B.1	2022-05-27
ON880519	IIb	B.1.4	2022-05-13
ON880521	IIb	B.1	2022-05-19
ON880522	IIb	B.1	2022-05-21
ON880523	IIb	B.1	2022-05-20
ON880514	IIb	B.1.4	2022-06-04
ON880526	IIb	B.1	2022-05-27
ON880527	IIb	B.1	2022-05-27
ON880530	IIb	B.1	2022-05-29
ON880518	IIb	B.1	2022-06-08
ON880525	IIb	B.1	2022-05-25
ON880531	IIb	B.1	2022-05-29
ON880520	IIb	B.1	2022-05-19
ON880529	IIb	B.1	2022-05-28
ON880534	IIb	B.1	2022-05-30
ON880536	IIb	B.1	2022-05-31
ON880537	IIb	B.1	2022-05-31
ON880538	IIb	B.1.9	2022-06-01
ON880528	IIb	B.1	2022-05-27
ON880539	IIb	B.1	2022-06-01
ON880540	IIb	B.1.12	2022-06-01
ON880532	IIb	B.1.4	2022-05-30
ON880542	IIb	B.1	2022-05-31
ON880535	IIb	B.1	2022-05-31
ON880543	IIb	B.1	2022-06-02
ON880533	IIb	B.1	2022-05-30
ON880545	IIb	B.1	2022-06-02
ON880544	IIb	B.1	2022-06-02
ON880546	IIb	B.1	2022-06-02
ON880547	IIb	B.1	2022-06-03
ON880548	IIb	B.1.12	2022-06-03
ON880549	IIb	B.1	2022-06-03
ON911481	IIb	B.1.7	2022-06-28
ON918611	IIb	B.1.7	2022-06-20
ON918656	IIb	B.1.5	2022-06-01
ON927243	IIb	B.1	2022-06-21
ON880541	IIb	B.1	2022-06-01
ON929057	IIb	B.1.2	2022-07-01
ON929058	IIb	B.1	2022-07-01
ON929059	IIb	B.1.1	2022-07-01
ON927248	IIb	B.1.7	2022-06-24
ON929063	IIb	B.1	2022-07-01
ON929060	IIb	B.1.14	2022-07-01
ON929061	IIb	B.1.8	2022-07-01
ON929064	IIb	B.1.1	2022-07-01
ON929065	IIb	B.1	2022-07-01
ON929062	IIb	B.1.8	2022-07-01
ON929066	IIb	B.1.1	2022-07-01
ON929067	IIb	B.1.2	2022-07-01
ON929069	IIb	B.1	2022-07-01
ON929068	IIb	B.1	2022-07-01
ON929070	IIb	B.1	2022-07-01
ON880524	IIb	B.1	2022-05-26
ON929074	IIb	B.1.2	2022-07-01
ON929076	IIb	B.1	2022-07-01
ON929075	IIb	B.1.2	2022-07-01
ON929077	IIb	B.1.1	2022-07-01
ON929071	IIb	B.1	2022-07-01
ON929072	IIb	B.1	2022-07-01
ON929079	IIb	B.1.2	2022-07-01
ON929080	IIb	B.1.1	2022-07-01
ON929081	IIb	B.1	2022-07-01
ON929073	IIb	B.1.1	2022-07-01
ON929078	IIb	B.1	2022-07-01
ON929082	IIb	B.1.2	2022-07-01
ON929085	IIb	B.1.1	2022-07-01
ON929086	IIb	B.1	2022-07-01
ON929087	IIb	B.1.1	2022-07-01
ON929083	IIb	B.1	2022-07-01
ON929090	IIb	B.1.2	2022-07-01
ON929084	IIb	B.1.1	2022-07-01
ON929089	IIb	B.1.8	2022-07-01
ON929088	IIb	B.1.7	2022-07-01
ON929091	IIb	B.1	2022-07-01
ON950045	IIb	B.1.3	2022-05-27
ON954773	IIb	B.1	2022-05-01
ON959131	IIb	B.1	2022-05-01
ON959132	IIb	B.1	2022-06-01
ON959133	IIb	B.1.14	2022-05-01
ON959134	IIb	B.1	2022-05-01
ON959135	IIb	B.1.14	2022-05-01
ON959143	IIb	B.1.10	2022-06-16
ON959136	IIb	B.1.1	2022-06-01
ON959149	IIb	B.1.5	2022-07-01
ON959151	IIb	B.1.2	2022-07-01
ON959150	IIb	B.1.2	2022-07-01
ON959152	IIb	B.1	2022-07-01
ON959153	IIb	B.1.7	2022-07-01
ON959154	IIb	B.1.5	2022-07-01
ON959155	IIb	B.1	2022-07-01
ON959156	IIb	B.1.2	2022-07-01
ON959157	IIb	B.1	2022-07-01
ON959158	IIb	B.1	2022-07-01
ON959159	IIb	B.1	2022-07-01
ON959160	IIb	B.1	2022-07-01
ON959161	IIb	B.1	2022-07-01
ON959162	IIb	B.1	2022-07-01
ON959164	IIb	B.1	2022-07-01
ON959163	IIb	B.1	2022-07-01
ON959165	IIb	B.1	2022-07-01
ON959166	IIb	B.1.8	2022-07-01
ON959167	IIb	B.1.2	2022-07-01
ON959168	IIb	B.1.1	2022-07-01
ON959171	IIb	B.1.7	2022-07-01
ON959169	IIb	B.1.14	2022-07-01
ON959173	IIb	B.1.5	2022-07-01
ON959172	IIb	B.1.7	2022-07-01
ON959170	IIb	B.1.5	2022-07-01
ON959174	IIb	B.1	2022-07-01
ON959175	IIb	B.1.5	2022-07-01
ON959176	IIb	B.1.1	2022-07-01
ON983160	IIb	B.1.4	2022-06-03
ON959177	IIb	B.1.8	2022-07-01
ON983161	IIb	B.1	2022-06-03
ON983163	IIb	B.1.4	2022-06-07
ON983162	IIb	B.1	2022-06-03
ON983165	IIb	B.1	2022-06-14
ON983166	IIb	B.1	2022-06-15
ON983167	IIb	B.1.4	2022-06-16
ON983168	IIb	B.1.3	2022-04-28
ON983164	IIb	B.1.4	2022-06-09
OP012849	IIb	B.1	2022-07-01
ON983159	IIb	B.1.4	2022-06-01
OP013004	IIb	B.1	2022-06-07
OP013001	IIb	B.1	2022-05-14
OP013005	IIb	B.1	2022-06-06
OP013006	IIb	B.1	2022-06-07
OP013007	IIb	B.1	2022-06-07
OP013008	IIb	B.1.4	2022-06-08
OP013009	IIb	B.1	2022-06-08
OP013011	IIb	B.1	2022-06-09
OP013010	IIb	B.1	2022-06-09
OP013013	IIb	B.1	2022-06-10
OP013012	IIb	B.1	2022-06-10
OP013014	IIb	B.1	2022-06-11
OP018588	IIb	B.1.2	2022-07-01
OP013015	IIb	B.1	2022-06-13
OP018589	IIb	B.1.1	2022-07-01
OP013017	IIb	B.1	2022-06-10
OP018590	IIb	B.1	2022-07-01
OP018592	IIb	B.1.2	2022-07-01
OP018591	IIb	B.1.1	2022-07-01
OP013002	IIb	B.1	2022-05-29
OP018593	IIb	B.1.2	2022-07-01
OP018594	IIb	B.1	2022-07-01
OP013016	IIb	B.1	2022-06-13
OP018596	IIb	B.1	2022-07-01
OP018597	IIb	B.1	2022-07-01
OP018595	IIb	B.1	2022-07-01
OP018598	IIb	B.1	2022-07-01
OP018599	IIb	B.1.1	2022-07-01
OP018601	IIb	B.1	2022-07-01
OP018600	IIb	B.1.8	2022-07-01
OP018603	IIb	B.1.8	2022-07-01
OP018602	IIb	B.1.8	2022-07-01
OP018604	IIb	B.1.14	2022-07-01
OP018605	IIb	B.1.1	2022-07-01
OP018606	IIb	B.1.1	2022-07-01
OP013003	IIb	B.1.12	2022-05-31
OP055798	IIb	A	2022-06-15
OP018607	IIb	B.1.7	2022-07-01
OP019275	IIb	B.1	2022-06-10
OP019276	IIb	B.1.1	2022-06-21
OP019277	IIb	B.1	2022-07-04
OP022170	IIb	B.1	2022-05-16
OP055801	IIb	B.1.1	2022-07-01
OP055800	IIb	B.1.1	2022-07-01
OP055803	IIb	B.1.1	2022-07-01
OP055802	IIb	B.1.1	2022-07-01
OP055804	IIb	B.1	2022-07-01
OP055806	IIb	B.1	2022-07-01
OP055805	IIb	B.1.1	2022-07-01
OP055807	IIb	B.1	2022-07-01
OP055809	IIb	B.1.11	2022-07-01
OP055808	IIb	B.1	2022-07-01
OP062231	IIb	B.1	2022-06-27
OP062229	IIb	B.1	2022-06-16
OP062232	IIb	B.1	2022-06-27
OP062233	IIb	B.1	2022-06-28
OP062236	IIb	B.1.4	2022-06-30
OP123040	IIb	B.1	2022-07-01
OP123041	IIb	B.1	2022-07-01
OP123042	IIb	B.1	2022-07-01
OP123044	IIb	B.1	2022-07-01
OP123045	IIb	B.1.2	2022-07-01
OP123043	IIb	B.1	2022-07-01
OP123047	IIb	B.1	2022-07-01
OP062234	IIb	B.1	2022-06-29
OP123046	IIb	B.1.1	2022-07-01
OP123048	IIb	B.1	2022-07-01
OP062235	IIb	B.1	2022-06-30
OP123049	IIb	B.1.3	2022-07-01
OP123050	IIb	B.1	2022-07-01
OP123053	IIb	B.1.1	2022-07-01
OP123051	IIb	B.1.13	2022-07-01
OP123052	IIb	B.1.1	2022-07-01
OP062230	IIb	B.1	2022-06-22
OP123054	IIb	B.1.1	2022-07-01
OP123055	IIb	B.1.11	2022-07-01
OP133004	IIb	B.1	2022-07-11
OP133005	IIb	B.1	2022-07-05
OP133006	IIb	B.1	2022-07-06
OP133007	IIb	B.1	2022-07-22
OP144211	IIb	B.1	2022-06-01
OP144212	IIb	B.1.3	2022-06-10
OP144213	IIb	B.1	2022-06-16
OP144214	IIb	B.1.3	2022-06-16
OP144215	IIb	B.1	2022-05-30
OP144216	IIb	B.1	2022-05-30
OP144217	IIb	B.1	2022-06-02
OP156605	IIb	A.1.1	2022-07-15
OP150923	IIb	B.1	2022-06-01
OP150924	IIb	B.1.3	2022-06-01
OP150925	IIb	B.1	2022-05-01
OP150926	IIb	B.1	2022-05-01
OP150927	IIb	B.1.2	2022-05-01
OP160532	IIb	B.1	2022-06-01
OP169336	IIb	B.1.11	2022-07-01
OP169337	IIb	B.1.13	2022-07-01
OP169338	IIb	B.1	2022-07-01
OP169339	IIb	B.1	2022-07-01
OP169340	IIb	B.1	2022-07-01
OP169342	IIb	B.1.2	2022-07-01
OP169343	IIb	B.1	2022-07-01
OP169341	IIb	B.1.1	2022-07-01
OP169344	IIb	B.1.1	2022-07-01
OP169345	IIb	B.1.3	2022-07-01
OP169346	IIb	B.1.1	2022-07-01
OP171920	IIb	B.1.12	2022-07-04
OP171919	IIb	B.1.12	2022-06-25
OP171921	IIb	B.1.3	2022-07-14
OP171923	IIb	B.1.8	2022-07-15
OP171922	IIb	B.1	2022-07-14
OP171924	IIb	B.1.3	2022-07-25
OP184760	IIb	B.1	2022-07-01
OP171925	IIb	B.1.12	2022-07-25
OP184762	IIb	B.1.3	2022-07-01
OP184763	IIb	B.1.1	2022-07-01
OP022171	IIb	B.1	2022-05-01
OP184761	IIb	B.1	2022-07-01
OP184764	IIb	B.1.1	2022-07-01
OP185709	IIb	B.1.1	2022-06-01
OP184765	IIb	B.1.2	2022-07-01
OP185710	IIb	B.1.2	2022-06-01
OP204839	nan	nan	2022-06-14
OP185711	IIb	B.1.12	2022-06-01
OP185712	IIb	B.1.7	2022-06-01
OP185713	IIb	B.1	2022-06-01
OP185714	IIb	B.1.4	2022-06-01
OP185715	IIb	B.1	2022-05-01
OP185716	IIb	B.1.2	2022-06-01
OP185717	IIb	B.1	2022-06-01
OP204840	IIb	B.1.7	2022-06-10
OP205068	IIb	B.1	2022-06-05
OP205067	IIb	B.1.3	2022-05-27
OP204857	IIb	B.1.1	2022-08-01
OP205069	IIb	B.1	2022-06-06
OP205070	IIb	B.1.7	2022-06-06
OP205071	IIb	B.1.7	2022-06-06
OP205072	IIb	B.1.2	2022-06-07
OP205073	IIb	B.1.2	2022-06-08
OP205075	IIb	B.1	2022-06-11
OP205074	IIb	B.1	2022-06-07
OP205076	IIb	B.1.7	2022-06-09
OP205077	IIb	B.1.7	2022-06-09
OP205078	IIb	B.1.2	2022-06-09
OP205079	IIb	B.1	2022-06-09
OP205081	IIb	B.1.7	2022-06-14
OP205080	IIb	B.1.2	2022-06-09
OP205085	IIb	B.1	2022-06-07
OP205083	IIb	B.1.2	2022-05-25
OP205086	IIb	B.1.2	2022-06-06
OP205087	IIb	B.1.2	2022-06-09
OP205084	IIb	B.1.7	2022-05-30
OP205089	IIb	B.1.2	2022-06-09
OP205090	IIb	B.1.7	2022-06-13
OP205091	IIb	B.1.10	2022-06-13
OP205092	IIb	B.1	2022-06-12
OP205088	IIb	B.1.2	2022-06-09
OP205093	IIb	B.1	2022-06-14
OP205094	IIb	B.1.7	2022-06-14
OP205097	IIb	B.1.7	2022-07-05
OP205096	IIb	B.1	2022-06-14
OP205098	IIb	B.1.7	2022-07-05
OP205100	IIb	B.1.7	2022-07-04
OP205103	IIb	B.1.7	2022-07-06
OP205101	IIb	B.1.7	2022-07-07
OP205104	IIb	B.1	2022-07-06
OP205102	IIb	B.1	2022-07-07
OP205095	IIb	B.1	2022-06-13
OP205105	IIb	B.1	2022-06-15
OP205106	IIb	B.1.7	2022-06-16
OP205108	IIb	B.1	2022-06-16
OP205107	IIb	B.1	2022-06-16
OP205109	IIb	B.1	2022-06-13
OP205110	IIb	B.1.10	2022-06-14
OP205111	IIb	B.1.7	2022-06-14
OP205113	IIb	B.1	2022-06-16
OP205112	IIb	B.1.2	2022-06-14
OP205115	IIb	B.1	2022-07-07
OP205114	IIb	B.1	2022-05-16
OP205116	IIb	B.1.3	2022-07-07
OP205117	IIb	B.1	2022-07-04
OP205118	IIb	B.1.7	2022-07-05
OP205119	IIb	B.1.7	2022-07-05
OP205121	IIb	B.1.3	2022-07-05
OP205120	IIb	B.1.2	2022-07-07
OP205122	IIb	B.1.7	2022-07-04
OP205124	IIb	B.1	2022-05-26
OP205123	IIb	B.1	2022-06-30
OP205125	IIb	B.1	2022-06-24
OP205126	IIb	B.1	2022-06-26
OP205127	IIb	B.1.2	2022-06-27
OP205128	IIb	B.1.1	2022-06-26
OP205130	IIb	B.1	2022-06-29
OP205129	IIb	B.1	2022-06-30
OP205131	IIb	B.1.2	2022-06-29
OP205132	IIb	B.1.2	2022-06-28
OP205133	IIb	B.1.3	2022-06-29
OP205082	IIb	B.1.2	2022-06-15
OP205134	IIb	B.1	2022-07-06
OP205135	IIb	B.1	2022-07-06
OP205136	IIb	B.1	2022-07-04
OP205137	IIb	B.1.7	2022-07-05
OP205138	IIb	B.1.2	2022-07-06
OP205139	IIb	B.1	2022-05-25
OP215204	IIb	B.1	2022-08-01
OP215205	IIb	B.1	2022-08-01
OP215206	IIb	B.1	2022-08-01
OP215209	IIb	B.1	2022-08-01
OP215208	IIb	B.1.2	2022-08-01
OP215207	IIb	B.1.1	2022-08-01
OP205099	IIb	B.1.7	2022-07-05
OP215210	IIb	B.1.7	2022-08-01
OP215211	IIb	B.1.8	2022-08-01
OP215213	IIb	B.1	2022-08-01
OP215214	IIb	B.1.7	2022-08-01
OP215212	IIb	B.1.1	2022-08-01
OP215215	IIb	B.1.8	2022-08-01
OP215216	IIb	B.1.8	2022-08-01
OP215217	IIb	B.1	2022-08-01
OP215218	IIb	B.1	2022-08-01
OP215219	IIb	B.1.5	2022-08-01
OP215220	IIb	B.1	2022-08-01
OP215222	IIb	B.1	2022-08-01
OP215221	IIb	B.1	2022-08-01
OP215223	IIb	B.1.1	2022-08-01
OP215224	IIb	B.1.8	2022-08-01
OP215225	IIb	B.1	2022-08-01
OP215226	IIb	B.1.10	2022-08-01
OP215228	IIb	B.1	2022-08-01
OP215227	IIb	B.1	2022-08-01
OP215229	IIb	B.1	2022-08-01
OP215230	IIb	B.1.7	2022-08-01
OP215232	IIb	B.1.8	2022-08-01
OP215231	IIb	B.1	2022-08-01
OP205140	IIb	B.1.2	2022-07-04
OP215234	IIb	B.1	2022-08-01
OP215236	IIb	B.1	2022-08-01
OP215233	IIb	B.1	2022-08-01
OP215237	IIb	B.1	2022-08-01
OP215235	IIb	B.1.2	2022-08-01
OP215238	IIb	B.1	2022-08-01
OP215241	IIb	B.1	2022-08-01
OP215242	IIb	B.1.1	2022-08-01
OP215239	IIb	B.1	2022-08-01
OP215244	IIb	B.1	2022-08-01
OP215240	IIb	B.1	2022-08-01
OP215246	IIb	B.1	2022-08-01
OP215243	IIb	B.1.7	2022-08-01
OP215245	IIb	B.1.1	2022-08-01
OP215247	IIb	B.1.1	2022-08-01
OP215248	IIb	B.1.1	2022-08-01
OP215250	IIb	B.1.3	2022-08-01
OP215252	IIb	B.1.1	2022-08-01
OP215249	IIb	B.1	2022-08-01
OP215253	IIb	B.1	2022-08-01
OP215251	IIb	B.1	2022-08-01
OP215255	IIb	B.1.1	2022-08-01
OP215254	IIb	B.1	2022-08-01
OP215256	IIb	B.1.2	2022-08-01
OP215257	IIb	B.1.2	2022-08-01
OP215258	IIb	B.1	2022-08-01
OP215259	IIb	B.1	2022-08-01
OP215260	IIb	B.1	2022-08-01
OP215262	IIb	B.1.2	2022-08-01
OP215264	IIb	B.1	2022-08-01
OP215265	IIb	B.1.14	2022-08-01
OP215263	IIb	B.1	2022-08-01
OP215266	IIb	B.1	2022-08-01
OP215261	IIb	B.1	2022-08-01
OP215269	IIb	B.1	2022-08-01
OP215268	IIb	B.1.1	2022-08-01
OP215271	IIb	B.1	2022-08-01
OP215267	IIb	B.1.1	2022-08-01
OP215273	IIb	B.1.3	2022-08-01
OP215270	IIb	B.1	2022-08-01
OP215272	IIb	B.1.1	2022-08-01
OP215274	IIb	B.1.2	2022-08-01
OP215275	IIb	B.1	2022-08-01
OP215276	IIb	B.1.8	2022-08-01
OP215277	IIb	B.1	2022-08-01
OP215279	IIb	B.1.2	2022-08-01
OP215278	IIb	B.1.1	2022-08-01
OP215280	IIb	B.1.2	2022-08-01
OP215281	IIb	B.1	2022-08-01
OP215282	IIb	B.1	2022-08-01
OP215283	IIb	B.1	2022-08-01
OP215284	IIb	B.1	2022-08-01
OP215285	IIb	B.1	2022-08-01
OP215286	IIb	B.1	2022-08-01
OP215287	IIb	B.1.1	2022-08-01
OP215288	IIb	B.1.3	2022-08-01
OP225960	IIb	B.1.1	2022-06-01
OP225961	IIb	B.1	2022-06-01
OP225962	IIb	B.1.13	2022-06-01
OP225963	IIb	B.1.7	2022-06-01
OP225964	IIb	B.1.11	2022-06-01
OP225965	IIb	B.1.7	2022-06-01
OP225966	IIb	B.1.13	2022-06-01
OP225967	IIb	B.1.7	2022-06-01
OP225968	IIb	B.1	2022-06-01
OP225969	IIb	B.1	2022-06-01
OP245309	IIb	B.1.9	2022-07-30
OP245308	IIb	B.1	2022-07-31
OP245307	IIb	B.1.7	2022-08-01
OP245306	IIb	B.1	2022-08-01
OP245313	IIb	B.1	2022-07-28
OP245314	IIb	B.1.7	2022-07-28
OP245311	IIb	B.1	2022-07-28
OP245312	IIb	B.1	2022-07-29
OP245310	IIb	B.1	2022-08-01
OP226139	IIb	B.1	2022-07-11
OP245315	IIb	B.1.5	2022-08-01
OP245317	IIb	B.1	2022-07-31
OP245316	IIb	B.1	2022-08-01
OP245319	IIb	B.1	2022-07-27
OP245322	IIb	B.1	2022-07-25
OP245320	IIb	B.1	2022-07-27
OP245318	IIb	B.1.5	2022-08-01
OP245321	IIb	B.1.1	2022-07-26
OP245324	IIb	B.1	2022-07-26
OP245323	IIb	B.1	2022-07-27
OP245327	IIb	B.1	2022-07-27
OP245328	IIb	B.1	2022-07-27
OP245325	IIb	B.1.1	2022-07-26
OP245329	IIb	B.1	2022-07-22
OP245330	IIb	B.1.1	2022-07-23
OP245326	IIb	B.1	2022-07-27
OP245331	IIb	B.1.7	2022-07-28
OP245332	IIb	B.1	2022-07-26
OP245333	IIb	B.1	2022-07-26
OP245334	IIb	B.1.10	2022-07-23
OP245336	IIb	B.1	2022-07-21
OP245339	IIb	B.1	2022-07-18
OP245335	IIb	B.1	2022-07-22
OP245342	IIb	B.1	2022-07-18
OP245337	IIb	B.1.7	2022-07-21
OP245338	IIb	B.1	2022-07-20
OP245343	IIb	B.1	2022-07-18
OP245341	IIb	B.1	2022-07-20
OP245345	IIb	B.1	2022-07-15
OP245344	IIb	B.1	2022-07-15
OP245340	IIb	B.1.5	2022-07-21
OP245346	IIb	B.1	2022-07-15
OP245348	IIb	B.1.1	2022-07-15
OP245349	IIb	B.1	2022-07-14
OP245350	IIb	B.1	2022-07-14
OP245347	IIb	B.1	2022-07-15
OP245351	IIb	B.1	2022-07-13
OP245355	IIb	B.1.1	2022-07-15
OP245354	IIb	B.1	2022-07-14
OP245352	IIb	B.1	2022-07-13
OP245353	IIb	B.1	2022-07-13
OP245357	IIb	B.1	2022-07-14
OP245356	IIb	B.1	2022-07-13
OP245361	IIb	B.1	2022-07-12
OP245358	IIb	B.1	2022-07-14
OP257243	IIb	B.1.3	2022-08-01
OP245360	IIb	B.1	2022-07-12
OP257244	IIb	B.1	2022-08-01
OP245359	IIb	B.1	2022-07-14
OP257245	IIb	B.1	2022-08-01
OP257246	IIb	B.1	2022-08-01
OP257247	IIb	B.1	2022-08-01
OP257248	IIb	B.1.2	2022-08-01
OP257250	IIb	B.1.11	2022-08-01
OP257251	IIb	B.1.1	2022-08-01
OP257252	IIb	B.1	2022-08-01
OP257249	IIb	B.1	2022-08-01
OP257253	IIb	B.1	2022-08-01
OP257254	IIb	B.1.13	2022-08-01
OP257255	IIb	B.1	2022-08-01
OP257256	IIb	B.1	2022-08-01
OP257257	IIb	B.1.1	2022-08-01
OP257259	IIb	B.1.11	2022-08-01
OP257258	IIb	B.1.3	2022-08-01
OP257260	IIb	B.1	2022-08-01
OP257261	IIb	B.1	2022-08-01
OP257262	IIb	B.1.3	2022-08-01
OP257263	IIb	B.1	2022-08-01
OP257265	IIb	B.1	2022-08-01
OP257264	IIb	B.1	2022-08-01
OP257266	IIb	B.1	2022-08-01
OP257267	IIb	B.1	2022-08-01
OP263627	IIb	B.1	2022-08-01
OP263628	IIb	B.1.7	2022-08-01
OP263626	IIb	B.1	2022-08-01
OP263629	IIb	B.1	2022-08-01
OP263631	IIb	B.1	2022-08-01
OP263630	IIb	B.1.8	2022-08-01
OP263632	IIb	B.1	2022-08-01
OP263633	IIb	B.1.7	2022-08-01
OP263634	IIb	B.1	2022-08-01
OP263636	IIb	B.1.2	2022-08-01
OP263635	IIb	B.1	2022-08-01
OP270023	IIb	B.1	2022-07-04
OP270024	IIb	B.1	2022-07-04
OP270022	IIb	B.1.12	2022-07-04
OP270026	IIb	B.1	2022-07-05
OP270027	IIb	B.1	2022-07-05
OP270028	IIb	B.1	2022-07-07
OP270471	IIb	B.1.1	2022-08-01
OP270472	IIb	B.1.2	2022-08-01
OP270473	IIb	B.1.8	2022-08-01
OP270474	IIb	B.1.2	2022-08-01
OP270025	IIb	B.1	2022-07-05
OP270021	IIb	B.1	2022-07-04
OP270475	IIb	B.1.2	2022-08-01
OP270476	IIb	B.1.13	2022-08-01
OP279033	IIb	B.1.4	2022-07-06
OP270477	IIb	B.1.3	2022-08-01
OP279034	IIb	B.1.4	2022-07-04
OP279035	IIb	B.1.4	2022-07-04
OP270029	IIb	B.1.4	2022-07-08
OP279039	IIb	B.1.2	2022-06-28
OP279041	IIb	B.1.4	2022-06-29
OP279036	IIb	B.1.7	2022-06-30
OP279042	IIb	B.1.4	2022-06-28
OP279038	IIb	B.1.4	2022-06-27
OP279046	IIb	B.1	2022-07-05
OP279043	IIb	B.1.4	2022-06-30
OP279037	IIb	B.1.4	2022-07-04
OP279045	IIb	B.1.4	2022-07-04
OP279048	IIb	B.1.4	2022-06-29
OP279044	IIb	B.1.4	2022-07-02
OP279040	IIb	B.1.4	2022-07-03
OP289783	IIb	B.1	2022-06-27
OP289782	IIb	B.1	2022-06-25
OP295383	IIb	B.1	2022-07-29
OP295382	IIb	B.1.10	2022-07-21
OP303779	IIb	B.1.8	2022-06-01
OP303778	IIb	B.1.8	2022-06-01
OP303780	IIb	B.1.12	2022-06-01
OP303781	IIb	B.1.8	2022-06-01
OP303782	IIb	B.1.11	2022-06-01
OP303783	IIb	B.1.13	2022-06-01
OP279047	IIb	B.1.4	2022-07-04
OP303784	IIb	B.1	2022-06-01
OP303785	IIb	B.1.1	2022-06-01
OP303786	IIb	B.1.13	2022-06-01
OP303787	IIb	B.1	2022-06-01
OP303788	IIb	B.1.13	2022-06-01
OP303789	IIb	B.1.1	2022-06-01
OP303790	IIb	B.1.7	2022-06-01
OP303791	IIb	B.1.12	2022-06-01
OP303792	IIb	B.1.12	2022-07-01
OP303793	IIb	B.1	2022-06-01
OP303794	IIb	B.1	2022-06-01
OP303795	IIb	B.1.4	2022-06-01
OP303796	IIb	B.1	2022-06-01
OP303797	IIb	B.1	2022-06-01
OP310038	IIb	B.1.11	2022-08-01
OP310039	IIb	B.1	2022-08-01
OP310040	IIb	B.1	2022-08-01
OP310041	IIb	B.1.1	2022-08-01
OP310042	IIb	B.1.1	2022-08-01
OP310043	IIb	B.1	2022-08-01
OP279049	IIb	B.1.4	2022-07-04
OP310044	IIb	B.1	2022-08-01
OP310046	IIb	B.1.2	2022-08-01
OP310045	IIb	B.1.11	2022-08-01
OP310047	IIb	B.1	2022-08-01
OP310048	IIb	B.1	2022-08-01
OP310049	IIb	B.1.2	2022-08-01
OP310050	IIb	B.1.13	2022-08-01
OP310051	IIb	B.1	2022-08-01
OP310052	IIb	B.1.11	2022-08-01
OP310053	IIb	B.1.13	2022-08-01
OP310054	IIb	B.1.1	2022-08-01
OP310055	IIb	B.1.1	2022-08-01
OP310056	IIb	B.1	2022-08-01
OP310057	IIb	B.1	2022-08-01
OP310058	IIb	B.1.1	2022-08-01
OP310059	IIb	B.1	2022-08-01
OP310060	IIb	B.1	2022-08-01
OP310061	IIb	B.1.1	2022-08-01
OP310064	IIb	B.1	2022-08-01
OP310063	IIb	B.1.1	2022-08-01
OP310062	IIb	B.1	2022-08-01
OP310066	IIb	B.1	2022-08-01
OP310068	IIb	B.1	2022-08-01
OP310065	IIb	B.1.3	2022-08-01
OP310069	IIb	B.1	2022-08-01
OP314957	IIb	B.1.11	2022-07-27
OP314958	IIb	B.1.11	2022-08-01
OP314959	IIb	B.1.3	2022-08-03
OP314960	IIb	B.1.11	2022-08-04
OP314961	IIb	B.1.3	2022-08-11
OP320548	IIb	B.1	2022-07-01
OP310067	IIb	B.1.11	2022-08-01
OP320549	IIb	B.1	2022-07-02
OP320550	IIb	B.1	2022-07-09
OP320551	IIb	B.1	2022-07-09
OP320552	IIb	B.1.6	2022-07-06
OP320553	IIb	B.1	2022-07-08
OP320554	IIb	B.1	2022-07-09
OP320555	IIb	B.1	2022-07-09
OP324453	IIb	B.1	2022-07-12
OP324454	IIb	B.1	2022-07-11
OP324456	IIb	B.1	2022-07-08
OP324455	IIb	B.1	2022-07-08
OP324459	IIb	B.1	2022-07-10
OP324457	IIb	B.1	2022-07-11
OP324460	IIb	B.1	2022-07-11
OP324458	IIb	B.1.7	2022-07-08
OP324462	IIb	B.1	2022-07-07
OP324464	IIb	B.1	2022-07-07
OP324463	IIb	B.1.9	2022-07-07
OP324461	IIb	B.1	2022-07-07
OP324466	IIb	B.1	2022-07-06
OP324465	IIb	B.1	2022-07-07
OP324468	IIb	B.1	2022-07-06
OP324467	IIb	B.1	2022-07-06
OP324469	IIb	B.1	2022-07-06
OP324471	IIb	B.1	2022-07-06
OP324474	IIb	B.1	2022-07-05
OP324472	IIb	B.1	2022-07-06
OP324473	IIb	B.1.9	2022-07-04
OP324470	IIb	B.1	2022-07-06
OP324475	IIb	B.1	2022-07-07
OP324476	IIb	B.1	2022-07-05
OP324477	IIb	B.1	2022-07-06
OP324480	IIb	B.1	2022-07-05
OP324478	IIb	B.1	2022-07-05
OP324479	IIb	B.1	2022-06-30
OP324483	IIb	B.1	2022-07-03
OP324484	IIb	B.1	2022-07-03
OP324482	IIb	B.1	2022-07-05
OP324481	IIb	B.1	2022-07-05
OP324485	IIb	B.1	2022-07-03
OP324486	IIb	B.1	2022-07-02
OP324488	IIb	B.1	2022-06-30
OP324487	IIb	B.1	2022-06-30
OP324489	IIb	B.1	2022-06-30
OP324490	IIb	B.1	2022-06-29
OP324491	IIb	B.1	2022-07-01
OP324493	IIb	B.1.9	2022-06-30
OP324495	IIb	B.1	2022-06-27
OP324492	IIb	B.1	2022-06-30
OP324497	IIb	B.1	2022-06-27
OP324496	IIb	B.1	2022-06-28
OP324494	IIb	B.1.7	2022-06-30
OP324499	IIb	B.1	2022-06-28
OP324498	IIb	B.1.9	2022-06-28
OP324500	IIb	B.1	2022-06-28
OP324502	IIb	B.1	2022-06-28
OP324501	IIb	B.1	2022-06-29
OP324504	IIb	B.1	2022-06-28
OP324506	IIb	B.1.9	2022-06-29
OP324505	IIb	B.1.9	2022-06-28
OP324503	IIb	B.1.7	2022-06-27
OP324507	IIb	B.1	2022-06-27
OP324509	IIb	B.1	2022-06-27
OP324508	IIb	B.1	2022-06-28
OP324513	IIb	B.1	2022-06-28
OP324510	IIb	B.1	2022-06-28
OP324512	IIb	B.1	2022-06-27
OP324515	IIb	B.1	2022-06-25
OP324514	IIb	B.1	2022-06-23
OP324511	IIb	B.1	2022-06-27
OP324516	IIb	B.1	2022-06-27
OP324518	IIb	B.1	2022-06-24
OP324520	IIb	B.1	2022-06-25
OP324517	IIb	B.1	2022-06-22
OP324519	IIb	B.1	2022-06-24
OP324521	IIb	B.1	2022-06-26
OP324523	IIb	B.1	2022-06-24
OP324524	IIb	B.1	2022-06-24
OP324522	IIb	B.1	2022-06-20
OP324525	IIb	B.1.9	2022-06-24
OP324527	IIb	B.1	2022-06-23
OP324526	IIb	B.1.7	2022-06-24
OP324528	IIb	B.1	2022-06-23
OP324529	IIb	B.1	2022-06-23
OP324530	IIb	B.1	2022-06-23
OP324531	IIb	B.1.7	2022-06-24
OP324532	IIb	B.1	2022-06-24
OP324534	IIb	B.1	2022-06-23
OP324533	IIb	B.1.9	2022-06-24
OP324536	IIb	B.1	2022-06-22
OP324535	IIb	B.1.7	2022-06-22
OP324539	IIb	B.1	2022-06-22
OP324538	IIb	B.1.9	2022-06-22
OP324541	IIb	B.1	2022-06-21
OP324542	IIb	B.1	2022-06-20
OP324537	IIb	B.1	2022-06-22
OP324543	IIb	B.1	2022-06-21
OP324540	IIb	B.1	2022-06-21
OP328307	IIb	B.1.11	2022-08-01
OP324545	IIb	B.1.7	2022-06-22
OP328308	IIb	B.1	2022-08-01
OP328309	IIb	B.1	2022-08-01
OP324544	IIb	B.1.9	2022-06-22
OP328310	IIb	B.1	2022-08-01
OP328311	IIb	B.1	2022-08-01
OP328312	IIb	B.1	2022-08-01
OP324546	IIb	B.1	2022-06-21
OP331334	IIb	B.1.2	2022-06-07
OP331335	IIb	A.2.1	2022-06-03
OP331336	IIb	A.2.2	2022-06-29
OP331337	IIb	B.1.8	2022-06-29
OP331338	IIb	B.1.7	2022-07-04
OP339846	IIb	B.1.1	2022-08-01
OP339847	IIb	B.1	2022-08-01
OP339848	IIb	B.1	2022-08-01
OP339849	IIb	B.1.1	2022-08-01
OP339852	IIb	B.1	2022-08-01
OP339851	IIb	B.1	2022-08-01
OP339850	IIb	B.1	2022-08-01
OP339853	IIb	B.1	2022-08-01
OP339854	IIb	B.1.5	2022-08-01
OP341487	IIb	B.1	2022-08-05
OP339855	IIb	B.1	2022-08-01
OP339856	IIb	B.1	2022-08-01
OP351279	IIb	B.1	2022-07-13
OP351280	IIb	B.1.8	2022-07-19
OP351278	IIb	B.1	2022-06-14
OP351281	IIb	B.1.13	2022-07-22
OP351282	IIb	B.1	2022-07-19
OP351283	IIb	B.1.8	2022-07-22
OP351284	IIb	B.1	2022-07-22
OP351285	IIb	B.1.13	2022-07-27
OP351287	IIb	B.1	2022-08-11
OP351286	IIb	B.1.4	2022-08-08
OP355562	IIb	B.1.5	2022-08-01
OP355563	IIb	B.1.14	2022-08-01
OP355564	IIb	B.1.1	2022-08-01
OP355565	IIb	B.1.1	2022-08-01
OP355568	IIb	B.1.1	2022-08-01
OP355569	IIb	B.1.14	2022-08-01
OP355570	IIb	B.1.3	2022-08-01
OP355566	IIb	B.1	2022-08-01
OP355567	IIb	B.1.2	2022-08-01
OP355571	IIb	B.1.1	2022-08-01
OP355572	IIb	B.1.14	2022-08-01
OP355573	IIb	B.1.2	2022-08-01
OP355575	IIb	B.1.7	2022-08-01
OP355574	IIb	B.1.2	2022-08-01
OP355576	IIb	B.1.7	2022-08-01
OP355577	IIb	B.1.8	2022-08-01
OP355578	IIb	B.1.1	2022-08-01
OP355579	IIb	B.1	2022-08-01
OP355581	IIb	B.1	2022-08-01
OP355580	IIb	B.1.1	2022-08-01
OP355582	IIb	B.1.5	2022-08-01
OP358276	IIb	B.1.5	2022-08-09
OP381201	IIb	B.1.1	2022-07-25
OP381202	IIb	B.1.1	2022-07-25
OP381203	IIb	B.1	2022-07-26
OP381204	IIb	B.1	2022-07-28
OP381205	IIb	B.1.3	2022-07-29
OP381208	IIb	B.1	2022-08-07
OP381206	IIb	B.1	2022-08-03
OP381207	IIb	B.1.1	2022-08-05
OP381209	IIb	B.1.1	2022-08-08
OP382479	IIb	B.1.1	2022-07-01
OP382478	IIb	B.1	2022-06-13
OP382481	IIb	B.1	2022-07-04
OP382480	IIb	B.1	2022-07-04
OP382482	IIb	B.1	2022-07-04
OP382484	IIb	B.1	2022-07-06
OP382486	IIb	B.1	2022-07-07
OP382483	IIb	B.1	2022-07-04
OP382485	IIb	B.1.12	2022-07-05
OP382487	IIb	B.1	2022-07-18
OP382488	IIb	B.1.1	2022-07-19
OP382489	IIb	B.1.10	2022-07-19
OP382490	IIb	B.1	2022-07-20
OP382491	IIb	B.1	2022-07-22
OP390176	IIb	B.1.8	2022-08-12
OP390175	IIb	B.1	2022-08-02
OP390177	IIb	B.1.4	2022-08-13
OP382494	IIb	B.1	2022-07-22
OP382493	IIb	B.1.14	2022-07-22
OP390178	IIb	B.1.11	2022-08-20
OP382492	IIb	B.1.14	2022-07-22
OP390179	IIb	B.1.12	2022-08-24
OP390180	IIb	B.1	2022-08-29
OP382495	IIb	B.1	2022-07-22
OP390189	IIb	B.1.4	2022-06-21
OP390186	IIb	B.1	2022-06-20
OP390187	IIb	B.1.1	2022-06-20
OP390188	IIb	B.1	2022-06-20
OP390190	IIb	B.1	2022-06-21
OP390193	IIb	B.1.4	2022-06-24
OP390191	IIb	B.1.4	2022-06-24
OP390192	IIb	B.1.1	2022-06-24
OP390194	IIb	B.1.8	2022-07-01
OP390195	IIb	B.1	2022-07-07
OP390196	IIb	B.1	2022-07-08
OP390197	IIb	B.1	2022-07-11
OP390198	IIb	B.1	2022-07-14
OP390201	IIb	B.1.2	2022-07-16
OP390199	IIb	B.1	2022-07-14
OP390200	IIb	B.1	2022-07-15
OP390202	IIb	B.1	2022-07-17
OP390204	IIb	B.1.3	2022-07-20
OP390208	IIb	B.1.1	2022-06-20
OP390209	IIb	B.1.4	2022-06-21
OP390207	IIb	B.1	2022-06-20
OP390205	IIb	B.1.13	2022-07-26
OP390210	IIb	B.1.4	2022-06-24
OP390203	IIb	B.1	2022-07-15
OP390206	IIb	B.1.7	2022-07-27
OP390211	IIb	B.1.1	2022-06-24
OP390212	IIb	B.1.4	2022-06-24
OP390213	IIb	B.1.8	2022-07-01
OP390216	IIb	B.1	2022-07-11
OP390219	IIb	B.1.7	2022-07-15
OP390220	IIb	B.1.2	2022-07-16
OP390214	IIb	B.1	2022-07-07
OP390221	IIb	B.1	2022-07-17
OP390215	IIb	B.1.1	2022-07-08
OP390217	IIb	B.1	2022-07-14
OP390218	IIb	B.1	2022-07-14
OP390222	IIb	B.1.3	2022-07-20
OP390223	IIb	B.1.13	2022-07-26
OP390224	IIb	B.1.7	2022-07-27
OP392532	IIb	B.1.3	2022-08-01
OP392531	IIb	B.1	2022-07-01
OP392534	IIb	B.1.3	2022-08-01
OP392533	IIb	B.1	2022-08-01
OP392535	IIb	B.1	2022-08-01
OP392536	IIb	B.1	2022-08-01
OP392537	IIb	B.1.3	2022-08-01
OP392539	IIb	B.1.3	2022-08-01
OP392538	IIb	B.1.11	2022-08-01
OP392544	IIb	B.1	2022-08-01
OP392540	IIb	B.1.3	2022-08-01
OP392541	IIb	B.1	2022-08-01
OP392542	IIb	B.1	2022-08-01
OP392545	IIb	B.1	2022-08-01
OP392543	IIb	B.1.11	2022-08-01
OP392546	IIb	B.1	2022-08-01
OP392547	IIb	B.1.2	2022-08-01
OP392548	IIb	B.1	2022-08-01
OP392549	IIb	B.1.1	2022-08-01
OP392552	IIb	B.1	2022-08-01
OP392551	IIb	B.1	2022-08-01
OP394229	IIb	B.1	2022-05-14
OP392553	IIb	B.1.4	2022-08-01
OP413713	IIb	B.1.2	2022-07-01
OP413714	IIb	B.1.7	2022-08-01
OP413715	IIb	B.1.2	2022-08-01
OP413716	IIb	B.1.7	2022-08-01
OP413717	IIb	B.1	2022-08-01
OP413718	IIb	A.3	2022-08-01
OP392550	IIb	B.1.11	2022-08-01
OP414283	IIb	B.1	2022-06-21
OP414285	IIb	B.1	2022-06-21
OP414284	IIb	B.1	2022-06-21
OP414286	IIb	B.1	2022-06-21
OP414287	IIb	B.1	2022-06-21
OP414288	IIb	B.1.5	2022-06-21
OP414290	IIb	B.1	2022-06-20
OP414289	IIb	B.1	2022-06-20
OP414291	IIb	B.1	2022-06-20
OP414292	IIb	B.1	2022-06-21
OP414294	IIb	B.1	2022-06-21
OP414293	IIb	B.1	2022-06-21
OP414297	IIb	B.1	2022-06-19
OP414295	IIb	B.1	2022-06-19
OP414299	IIb	B.1	2022-06-19
OP414296	IIb	B.1.9	2022-06-18
OP414298	IIb	B.1	2022-06-18
OP414300	IIb	B.1	2022-06-19
OP414302	IIb	B.1	2022-06-17
OP414301	IIb	B.1	2022-06-19
OP414304	IIb	B.1	2022-06-17
OP414305	IIb	B.1	2022-06-17
OP414307	IIb	B.1	2022-06-15
OP414306	IIb	B.1	2022-06-15
OP414303	IIb	B.1	2022-06-17
OP414308	IIb	B.1	2022-06-17
OP414309	IIb	B.1	2022-06-15
OP414310	IIb	B.1.7	2022-06-16
OP414311	IIb	B.1	2022-06-15
OP414314	IIb	B.1	2022-06-14
OP414313	IIb	B.1	2022-06-15
OP414312	IIb	B.1	2022-06-15
OP414316	IIb	B.1	2022-06-14
OP414315	IIb	B.1	2022-06-14
OP414317	IIb	B.1	2022-06-14
OP414318	IIb	B.1	2022-06-14
OP414322	IIb	B.1.7	2022-06-10
OP414325	IIb	B.1	2022-06-14
OP414323	IIb	B.1	2022-06-13
OP414324	IIb	B.1	2022-06-12
OP414321	IIb	B.1	2022-06-12
OP414319	IIb	B.1	2022-06-14
OP414326	IIb	B.1	2022-06-10
OP414320	IIb	B.1	2022-06-09
OP414327	IIb	B.1	2022-06-09
OP414330	IIb	B.1	2022-06-08
OP414328	IIb	B.1	2022-06-14
OP414332	IIb	B.1	2022-06-08
OP414331	IIb	B.1	2022-06-08
OP414329	IIb	B.1	2022-06-08
OP414333	IIb	B.1	2022-06-08
OP414334	IIb	B.1	2022-06-07
OP414335	IIb	B.1.7	2022-06-07
OP414336	IIb	B.1	2022-06-07
OP414337	IIb	B.1	2022-06-07
OP414338	IIb	B.1	2022-06-07
OP414341	IIb	B.1	2022-06-07
OP414343	IIb	B.1	2022-06-06
OP414342	IIb	B.1	2022-06-06
OP414339	IIb	B.1	2022-06-06
OP414340	IIb	B.1	2022-06-06
OP414345	IIb	B.1.9	2022-06-06
OP414346	IIb	B.1.7	2022-06-03
OP414344	IIb	B.1	2022-06-06
OP414350	IIb	B.1	2022-06-03
OP414348	IIb	B.1	2022-06-03
OP414347	IIb	B.1	2022-06-05
OP414349	IIb	B.1	2022-06-06
OP414352	IIb	B.1	2022-06-04
OP414351	IIb	B.1.9	2022-06-04
OP414353	IIb	B.1.9	2022-06-04
OP414354	IIb	B.1	2022-06-06
OP414355	IIb	B.1	2022-06-04
OP414356	IIb	B.1	2022-06-03
OP414360	IIb	B.1	2022-05-31
OP414359	IIb	B.1	2022-06-02
OP414357	IIb	B.1	2022-06-03
OP414361	IIb	B.1	2022-06-01
OP414358	IIb	B.1	2022-06-02
OP414362	IIb	B.1.9	2022-05-28
OP414363	IIb	B.1	2022-05-27
OP414364	IIb	B.1	2022-05-27
OP414366	IIb	B.1	2022-05-26
OP414368	IIb	B.1	2022-05-26
OP414365	IIb	B.1	2022-05-29
OP414367	IIb	B.1	2022-05-26
OP414369	IIb	B.1	2022-05-26
OP414370	IIb	B.1	2022-05-27
OP414371	IIb	B.1	2022-05-26
OP414374	IIb	B.1	2022-05-26
OP414373	IIb	B.1	2022-05-25
OP414372	IIb	B.1	2022-05-26
OP414378	IIb	B.1	2022-05-26
OP414375	IIb	B.1	2022-05-26
OP414376	IIb	B.1	2022-05-26
OP414380	IIb	B.1	2022-05-24
OP414377	IIb	B.1	2022-05-25
OP414379	IIb	B.1	2022-05-24
OP414381	IIb	B.1	2022-05-23
OP414383	IIb	B.1.3	2022-05-23
OP415180	IIb	B.1.2	2022-07-01
OP414382	IIb	B.1	2022-05-22
OP414384	IIb	B.1	2022-06-21
OP414386	IIb	B.1	2022-06-27
OP414388	IIb	B.1	2022-06-27
OP415182	IIb	B.1.7	2022-07-01
OP414385	IIb	B.1	2022-06-21
OP415183	IIb	B.1.7	2022-07-01
OP415184	IIb	B.1	2022-07-01
OP415186	IIb	B.1.7	2022-06-01
OP415187	IIb	B.1	2022-06-01
OP414387	IIb	B.1.7	2022-06-26
OP415188	IIb	B.1.1	2022-06-01
OP415189	IIb	B.1.5	2022-07-01
OP415192	IIb	B.1	2022-07-01
OP415193	IIb	B.1.2	2022-07-01
OP415190	IIb	B.1.7	2022-06-01
OP415197	IIb	B.1.7	2022-07-01
OP415196	IIb	B.1	2022-03-01
OP415194	IIb	B.1	2022-03-01
OP415195	IIb	B.1	2022-03-01
OP415198	IIb	B.1.7	2022-07-01
OP415191	IIb	B.1	2022-07-01
OP415199	IIb	B.1.7	2022-07-01
OP415200	IIb	B.1.7	2022-07-01
OP415181	IIb	B.1.7	2022-07-01
OP415201	IIb	B.1.7	2022-07-01
OP415202	IIb	B.1.2	2022-07-01
OP415203	IIb	B.1.2	2022-07-01
OP415204	IIb	B.1.2	2022-07-01
OP415205	IIb	B.1.2	2022-07-01
OP415207	IIb	B.1.12	2022-07-01
OP415206	IIb	B.1.12	2022-07-01
OP415208	IIb	B.1.2	2022-07-01
OP415209	IIb	B.1.2	2022-07-01
OP415211	IIb	B.1	2022-07-01
OP415210	IIb	B.1	2022-07-01
OP415212	IIb	B.1	2022-07-01
OP415214	IIb	B.1.7	2022-07-01
OP415215	IIb	B.1.7	2022-08-01
OP415216	IIb	B.1	2022-07-01
OP415218	IIb	B.1.7	2022-07-01
OP415219	IIb	B.1.7	2022-08-01
OP415221	IIb	B.1.7	2022-08-01
OP415222	IIb	B.1.7	2022-08-01
OP415223	IIb	B.1	2022-08-01
OP415226	IIb	B.1	2022-08-01
OP415217	IIb	B.1	2022-07-01
OP415225	IIb	B.1	2022-08-01
OP415224	IIb	B.1.6	2022-08-01
OP415227	IIb	B.1	2022-08-01
OP415228	IIb	B.1.2	2022-08-01
OP415213	IIb	B.1	2022-07-01
OP415231	IIb	B.1	2022-08-01
OP415230	IIb	B.1.7	2022-08-01
OP415233	IIb	B.1	2022-08-01
OP415235	IIb	B.1	2022-08-01
OP415236	IIb	B.1.12	2022-08-01
OP415232	IIb	B.1.2	2022-08-01
OP415234	IIb	B.1.2	2022-08-01
OP415185	IIb	B.1	2022-07-01
OP415237	IIb	B.1.3	2022-08-01
OP415238	IIb	B.1.7	2022-08-01
OP415239	IIb	B.1	2022-08-01
OP415241	IIb	B.1.7	2022-07-01
OP415240	IIb	B.1	2022-08-01
OP415243	IIb	B.1.7	2022-08-01
OP415244	IIb	B.1.3	2022-08-01
OP415242	IIb	B.1.3	2022-08-01
OP415245	IIb	B.1	2022-08-01
OP415246	IIb	B.1.4	2022-08-01
OP415247	IIb	B.1.4	2022-08-01
OP415248	IIb	B.1	2022-08-01
OP415249	IIb	B.1.7	2022-08-01
OP415250	IIb	B.1.2	2022-08-01
OP415251	IIb	B.1.2	2022-08-01
OP415252	IIb	B.1.7	2022-08-01
OP415253	IIb	B.1.2	2022-08-01
OP415254	IIb	B.1.8	2022-08-01
OP415256	IIb	B.1	2022-08-01
OP415257	IIb	B.1	2022-08-01
OP415255	IIb	B.1.3	2022-08-01
OP415258	IIb	B.1.1	2022-08-01
OP415260	IIb	B.1.7	2022-08-01
OP415259	IIb	B.1	2022-08-01
OP415229	IIb	B.1.3	2022-08-01
OP415261	IIb	B.1	2022-08-01
OP415262	IIb	B.1.7	2022-08-01
OP415263	IIb	B.1	2022-08-01
OP415265	IIb	B.1.2	2022-08-01
OP415268	IIb	B.1	2022-08-01
OP415266	IIb	B.1	2022-08-01
OP415267	IIb	B.1	2022-08-01
OP415269	IIb	B.1	2022-08-01
OP415270	IIb	B.1.3	2022-08-01
OP415264	IIb	B.1.10	2022-08-01
OP415271	IIb	B.1	2022-08-01
OP415272	IIb	B.1.7	2022-08-01
OP415273	IIb	B.1.2	2022-08-01
OP415274	IIb	B.1	2022-08-01
OP415276	IIb	B.1.1	2022-08-01
OP415277	IIb	B.1	2022-08-01
OP415278	IIb	B.1.7	2022-08-01
OP415280	IIb	B.1	2022-08-01
OP415220	IIb	B.1	2022-08-01
OP415281	IIb	B.1	2022-08-01
OP415282	IIb	B.1	2022-08-01
OP415283	IIb	B.1	2022-08-01
OP422340	IIb	B.1	2022-07-13
OP422341	IIb	B.1	2022-08-01
OP422342	IIb	B.1	2022-08-02
OP422343	IIb	B.1	2022-08-08
OP431395	IIb	B.1.10	2022-08-11
OP431396	IIb	B.1.10	2022-08-11
OP431397	IIb	B.1.10	2022-08-16
OP431398	IIb	B.1.10	2022-08-17
OP422245	IIb	B.1	2022-05-30
OP431399	IIb	B.1.10	2022-08-17
OP431401	IIb	B.1.10	2022-08-17
OP431825	IIb	B.1.11	2022-08-07
OP431400	IIb	B.1	2022-08-17
OP431402	IIb	B.1.6	2022-08-18
OP431826	IIb	B.1.3	2022-08-12
OP431827	IIb	B.1.3	2022-08-15
OP431828	IIb	B.1.3	2022-08-17
OP431829	IIb	B.1.3	2022-08-20
OP440531	IIb	B.1	2022-07-20
OP440533	IIb	B.1	2022-07-20
OP440532	IIb	B.1	2022-07-20
OP434519	IIb	B.1.1	2022-07-01
OP440534	IIb	B.1.2	2022-07-21
OP440535	IIb	B.1.2	2022-07-28
OP440536	IIb	B.1.2	2022-07-28
OP440537	IIb	B.1	2022-07-27
OP440538	IIb	B.1	2022-07-27
OP440540	IIb	B.1	2022-07-26
OP440539	IIb	B.1	2022-07-26
OP440541	IIb	B.1.2	2022-07-27
OP440543	IIb	B.1.2	2022-07-25
OP440542	IIb	B.1.2	2022-07-27
OP440544	IIb	B.1.2	2022-07-25
OP440547	IIb	B.1.3	2022-07-20
OP440545	IIb	B.1	2022-07-22
OP440546	IIb	B.1	2022-07-22
OP440549	IIb	B.1.7	2022-08-13
OP440548	IIb	B.1	2022-07-22
OP440550	IIb	B.1	2022-08-13
OP440553	IIb	B.1.2	2022-07-26
OP440554	IIb	B.1.2	2022-07-26
OP440552	IIb	B.1	2022-07-25
OP440551	IIb	B.1	2022-07-17
OP440555	IIb	B.1	2022-07-25
OP440556	IIb	B.1	2022-07-25
OP415275	IIb	B.1	2022-08-01
OP440557	IIb	B.1.11	2022-07-25
OP440560	IIb	B.1	2022-07-26
OP440558	IIb	B.1.11	2022-07-25
OP440559	IIb	B.1	2022-07-21
OP440562	IIb	B.1	2022-08-01
OP440563	IIb	B.1	2022-07-20
OP440561	IIb	B.1	2022-08-01
OP415279	IIb	B.1	2022-08-01
OP440565	IIb	B.1	2022-07-18
OP440566	IIb	B.1	2022-07-18
OP440567	IIb	B.1	2022-07-17
OP440572	IIb	B.1	2022-07-15
OP440570	IIb	B.1.2	2022-07-17
OP440568	IIb	B.1	2022-07-17
OP440569	IIb	B.1.8	2022-07-18
OP440571	IIb	B.1	2022-07-16
OP440582	IIb	B.1.11	2022-07-22
OP440583	IIb	B.1.11	2022-07-22
OP440584	IIb	B.1	2022-07-22
OP440585	IIb	B.1	2022-07-20
OP440586	IIb	B.1	2022-07-27
OP440588	IIb	B.1	2022-07-27
OP440589	IIb	B.1	2022-07-27
OP440590	IIb	B.1.3	2022-07-25
OP440587	IIb	B.1	2022-07-27
OP440591	IIb	B.1.11	2022-07-25
OP440592	IIb	B.1	2022-07-22
OP440593	IIb	B.1.1	2022-07-21
OP440594	IIb	B.1	2022-07-04
OP440596	IIb	B.1	2022-07-18
OP440597	IIb	B.1	2022-07-25
OP440595	IIb	B.1.11	2022-07-18
OP440599	IIb	B.1	2022-07-21
OP440598	IIb	B.1.7	2022-07-25
OP440604	IIb	B.1.11	2022-08-08
OP440600	IIb	B.1	2022-07-01
OP440605	IIb	B.1.11	2022-08-08
OP442540	IIb	B.1.2	2022-08-05
OP442539	IIb	B.1	2022-08-05
OP440607	IIb	B.1.11	2022-08-01
OP442541	IIb	B.1.4	2022-08-04
OP440606	IIb	B.1.11	2022-08-04
OP442543	IIb	B.1	2022-08-17
OP442542	IIb	B.1	2022-08-18
OP442544	IIb	B.1.2	2022-08-17
OP442545	IIb	B.1	2022-08-19
OP442546	IIb	B.1	2022-08-19
OP442547	IIb	B.1.2	2022-08-19
OP442548	IIb	B.1	2022-08-18
OP442549	IIb	B.1	2022-07-13
OP442551	IIb	B.1	2022-07-13
OP442550	IIb	B.1	2022-07-13
OP442552	IIb	B.1	2022-07-13
OP442553	IIb	B.1.4	2022-08-01
OP442554	IIb	B.1.2	2022-08-03
OP442555	IIb	B.1.11	2022-08-05
OP442556	IIb	B.1	2022-08-01
OP442557	IIb	B.1.11	2022-08-19
OP442559	IIb	B.1	2022-07-29
OP442558	IIb	B.1.11	2022-08-16
OP442560	IIb	B.1.13	2022-08-02
OP442566	IIb	B.1.4	2022-09-06
OP442562	IIb	B.1.14	2022-07-11
OP442564	IIb	B.1.13	2022-08-02
OP442561	IIb	B.1.11	2022-08-17
OP442567	IIb	B.1.2	2022-08-01
OP442565	IIb	B.1.4	2022-08-03
OP442563	IIb	B.1	2022-07-12
OP442568	IIb	B.1.2	2022-07-21
OP442937	IIb	B.1.8	2022-07-01
OP442936	IIb	B.1	2022-07-01
OP442570	IIb	B.1.11	2022-07-13
OP442940	IIb	B.1.8	2022-08-01
OP442939	IIb	B.1.8	2022-07-01
OP442938	IIb	B.1	2022-07-01
OP442569	IIb	B.1	2022-07-29
OP442941	IIb	B.1.8	2022-08-01
OP442943	IIb	B.1.8	2022-08-01
OP442942	IIb	B.1.4	2022-08-01
OP442947	IIb	B.1	2022-08-01
OP450985	IIb	B.1.10	2022-06-01
OP442945	IIb	B.1	2022-08-01
OP442946	IIb	B.1	2022-08-01
OP450986	IIb	B.1.7	2022-06-01
OP442944	IIb	B.1.3	2022-08-01
OP450987	IIb	B.1.11	2022-07-01
OP450988	IIb	B.1.13	2022-07-01
OP450989	IIb	B.1.2	2022-07-01
OP450992	IIb	B.1	2022-07-01
OP450991	IIb	B.1.2	2022-06-01
OP450990	IIb	B.1.5	2022-06-01
OP450994	IIb	B.1	2022-06-01
OP450993	IIb	B.1	2022-07-01
OP450996	IIb	B.1.8	2022-07-01
OP450995	IIb	B.1.8	2022-07-01
OP450998	IIb	B.1	2022-07-01
OP450997	IIb	A.2.2	2022-07-01
OP450999	IIb	B.1	2022-07-01
OP451000	IIb	B.1	2022-07-01
OP451001	IIb	B.1.12	2022-06-01
OP451002	IIb	B.1	2022-07-01
OP451003	IIb	B.1.13	2022-07-01
OP451004	IIb	B.1	2022-06-01
OP451005	IIb	B.1	2022-07-01
OP451006	IIb	B.1.2	2022-07-01
OP451008	IIb	B.1	2022-07-01
OP451007	IIb	B.1	2022-06-01
OP451010	IIb	B.1	2022-06-01
OP451009	IIb	B.1.14	2022-07-01
OP451011	IIb	B.1.2	2022-07-01
OP451012	IIb	B.1	2022-06-01
OP451015	IIb	B.1	2022-06-01
OP451016	IIb	B.1	2022-06-01
OP451014	IIb	B.1	2022-06-01
OP451013	IIb	B.1	2022-06-01
OP459208	IIb	B.1	2022-08-29
OP459202	IIb	B.1.2	2022-06-01
OP459210	IIb	B.1.10	2022-08-29
OP459209	IIb	B.1.10	2022-08-29
OP459212	IIb	B.1.10	2022-08-29
OP459211	IIb	B.1	2022-08-29
OP459213	IIb	B.1.10	2022-08-30
OP459214	IIb	B.1.8	2022-08-30
OP459215	IIb	B.1.10	2022-08-30
OP459216	IIb	B.1.10	2022-08-30
OP459218	IIb	B.1.10	2022-08-30
OP459217	IIb	B.1.10	2022-08-30
OP459219	IIb	B.1.10	2022-08-30
OP477444	IIb	B.1.10	2022-08-18
OP470374	IIb	B.1.2	2022-07-07
OP459220	IIb	B.1.10	2022-08-30
OP477445	IIb	B.1.10	2022-08-18
OP477446	IIb	B.1.10	2022-08-19
OP477447	IIb	B.1.10	2022-08-22
OP477448	IIb	B.1.3	2022-08-22
OP477449	IIb	B.1.10	2022-08-22
OP477450	IIb	B.1.10	2022-08-23
OP477452	IIb	B.1.8	2022-08-23
OP477451	IIb	B.1.10	2022-08-23
OP477453	IIb	B.1.10	2022-08-23
OP477454	IIb	B.1.8	2022-08-23
OP477455	IIb	B.1.10	2022-08-24
OP480404	IIb	B.1.7	2022-08-04
OP477457	IIb	B.1.10	2022-08-23
OP480405	IIb	B.1.3	2022-08-02
OP477456	IIb	B.1.10	2022-08-24
OP480406	IIb	B.1.2	2022-08-02
OP480407	IIb	B.1.4	2022-08-05
OP480408	IIb	B.1.7	2022-08-05
OP480409	IIb	B.1.2	2022-08-07
OP480411	IIb	B.1.8	2022-08-12
OP480410	IIb	B.1.7	2022-08-09
OP480415	IIb	B.1	2022-08-22
OP480412	IIb	B.1.8	2022-08-16
OP480413	IIb	B.1.8	2022-08-15
OP480414	IIb	B.1.2	2022-08-22
OP480416	IIb	B.1.8	2022-08-24
OP480417	IIb	B.1.2	2022-08-28
OP480418	IIb	B.1.2	2022-08-29
OP480419	IIb	B.1.7	2022-08-30
OP480420	IIb	B.1.3	2022-08-30
OP480421	IIb	B.1.2	2022-08-30
OP484340	IIb	B.1	2022-08-02
OP484341	IIb	B.1.4	2022-08-17
OP484663	IIb	B.1.1	2022-09-01
OP484666	IIb	B.1	2022-09-01
OP484667	IIb	B.1.14	2022-09-01
OP484665	IIb	B.1.2	2022-09-01
OP484664	IIb	B.1.8	2022-09-01
OP484668	IIb	B.1.2	2022-09-01
OP484669	IIb	B.1.1	2022-09-01
OP484670	IIb	B.1	2022-09-01
OP484671	IIb	B.1.1	2022-09-01
OP484674	IIb	B.1	2022-09-01
OP484672	IIb	B.1.1	2022-09-01
OP484673	IIb	B.1	2022-09-01
OP484675	IIb	B.1	2022-09-01
OP484676	IIb	B.1	2022-09-01
OP484677	IIb	B.1	2022-09-01
OP484678	IIb	B.1.7	2022-09-01
OP484681	IIb	B.1	2022-09-01
OP484680	IIb	B.1	2022-09-01
OP484683	IIb	B.1.10	2022-09-01
OP484682	IIb	B.1.7	2022-09-01
OP484679	IIb	B.1.8	2022-09-01
OP484687	IIb	B.1.1	2022-09-01
OP484689	IIb	B.1	2022-09-01
OP484684	IIb	B.1.1	2022-09-01
OP484688	IIb	B.1	2022-09-01
OP484691	IIb	B.1	2022-09-01
OP484690	IIb	B.1	2022-09-01
OP484685	IIb	B.1	2022-09-01
OP484686	IIb	B.1	2022-09-01
OP484692	IIb	B.1.3	2022-09-01
OP484693	IIb	B.1	2022-09-01
OP484694	IIb	B.1.10	2022-09-01
OP494257	IIb	B.1	2022-09-01
OP484695	IIb	B.1.1	2022-09-01
OP484696	IIb	B.1.2	2022-09-01
OP494258	IIb	B.1	2022-09-01
OP494259	IIb	B.1	2022-09-01
OP494260	IIb	B.1	2022-09-01
OP494261	IIb	B.1	2022-09-01
OP494262	IIb	B.1.2	2022-09-01
OP494263	IIb	B.1	2022-09-01
OP494264	IIb	B.1	2022-09-01
OP494265	IIb	B.1	2022-09-01
OP494266	IIb	B.1.14	2022-09-01
OP498046	I	nan	1988-01-01
OP523981	IIb	B.1	2022-09-01
OP523979	IIb	B.1.5	2022-09-01
OP523980	IIb	B.1.1	2022-09-01
OP523985	IIb	B.1	2022-09-01
OP523984	IIb	B.1	2022-09-01
OP523982	IIb	B.1.2	2022-09-01
OP523983	IIb	B.1.7	2022-09-01
OP523986	IIb	B.1	2022-09-01
OP523987	IIb	B.1	2022-09-01
OP523988	IIb	B.1	2022-09-01
OP523990	IIb	B.1.1	2022-09-01
OP523989	IIb	B.1.14	2022-09-01
OP523992	IIb	B.1	2022-09-01
OP523991	IIb	B.1	2022-09-01
OP523993	IIb	B.1	2022-09-01
OP523994	IIb	B.1.3	2022-09-01
OP523995	IIb	B.1	2022-09-01
OP523997	IIb	B.1.1	2022-09-01
OP523996	IIb	B.1.1	2022-09-01
OP523998	IIb	B.1.1	2022-09-01
OP523999	IIb	B.1.7	2022-09-01
OP524000	IIb	B.1	2022-09-01
OP524001	IIb	B.1.12	2022-09-01
OP524002	IIb	B.1	2022-09-01
OP524003	IIb	B.1.1	2022-09-01
OP524008	IIb	B.1.5	2022-09-01
OP524009	IIb	B.1	2022-09-01
OP524004	IIb	B.1.1	2022-09-01
OP524010	IIb	B.1	2022-09-01
OP524007	IIb	B.1.3	2022-09-01
OP524011	IIb	B.1	2022-09-01
OP524006	IIb	B.1.11	2022-09-01
OP524005	IIb	B.1.1	2022-09-01
OP524012	IIb	B.1.7	2022-09-01
OP526855	IIb	B.1.11	2022-08-01
OP526859	IIb	B.1	2022-06-01
OP526862	IIb	B.1	2022-06-01
OP531888	IIb	B.1.7	2022-08-05
OP531887	IIb	B.1	2022-08-03
OP526857	IIb	B.1	2022-06-01
OP531889	IIb	B.1.2	2022-08-09
OP531891	IIb	B.1	2022-07-20
OP531892	IIb	B.1	2022-07-22
OP531890	IIb	B.1.3	2022-08-18
OP531893	IIb	B.1.7	2022-07-31
OP531894	IIb	B.1	2022-07-17
OP531895	IIb	B.1.10	2022-07-18
OP536662	IIb	B.1.13	2022-07-23
OP536663	IIb	B.1.13	2022-08-04
OP536664	IIb	B.1.1	2022-06-06
OP536666	IIb	B.1.13	2022-06-30
OP536665	IIb	B.1	2022-06-14
OP526858	IIb	B.1.1	2022-07-01
OP526856	IIb	B.1.1	2022-06-01
OP536667	IIb	B.1.13	2022-07-06
OP536670	IIb	B.1	2022-07-05
OP536668	IIb	B.1.11	2022-07-02
OP536671	IIb	B.1.11	2022-07-05
OP536669	IIb	B.1.13	2022-07-04
OP526860	IIb	B.1	2022-06-01
OP536672	IIb	B.1.13	2022-07-05
OP536673	IIb	B.1.13	2022-07-05
OP536674	IIb	B.1.14	2022-07-06
OP536676	IIb	B.1.11	2022-07-06
OP536675	IIb	B.1.13	2022-07-05
OP536677	IIb	B.1.13	2022-07-05
OP536678	IIb	B.1.11	2022-07-06
OP536679	IIb	B.1.2	2022-07-07
OP536680	IIb	B.1.11	2022-07-06
OP536681	IIb	B.1	2022-07-06
OP536684	IIb	B.1	2022-06-02
OP536685	IIb	B.1.7	2022-06-09
OP536683	IIb	B.1	2022-06-01
OP536687	IIb	B.1	2022-06-12
OP536682	IIb	B.1	2022-07-05
OP536686	IIb	B.1	2022-06-09
OP536688	IIb	B.1.7	2022-06-12
OP536690	IIb	B.1	2022-06-15
OP536689	IIb	B.1.1	2022-06-13
OP536692	IIb	B.1.11	2022-06-14
OP536691	IIb	B.1	2022-06-14
OP536693	IIb	B.1	2022-06-14
OP536694	IIb	B.1	2022-06-15
OP536695	IIb	B.1	2022-06-16
OP536697	IIb	B.1	2022-06-17
OP536696	IIb	B.1.13	2022-06-17
OP536698	IIb	B.1.11	2022-06-17
OP536702	IIb	B.1.11	2022-06-21
OP536699	IIb	B.1.11	2022-06-18
OP536700	IIb	B.1.11	2022-06-19
OP536703	IIb	B.1.11	2022-06-23
OP536701	IIb	B.1.13	2022-06-22
OP536704	IIb	B.1.13	2022-06-22
OP536705	IIb	B.1	2022-06-23
OP526861	IIb	B.1	2022-06-01
OP536706	IIb	B.1.7	2022-06-23
OP536709	IIb	B.1.11	2022-06-23
OP536707	IIb	B.1.1	2022-06-23
OP536708	IIb	B.1	2022-06-24
OP536711	IIb	B.1.11	2022-06-24
OP536710	IIb	B.1.7	2022-06-23
OP536712	IIb	B.1.11	2022-06-24
OP536714	IIb	B.1	2022-07-04
OP536713	IIb	B.1.11	2022-06-25
OP536715	IIb	B.1	2022-07-01
OP536718	IIb	B.1	2022-07-06
OP536716	IIb	B.1	2022-07-06
OP536717	IIb	B.1.13	2022-07-09
OP536719	IIb	B.1.11	2022-07-05
OP536720	IIb	B.1.13	2022-07-06
OP536721	IIb	B.1	2022-07-06
OP536722	IIb	B.1	2022-06-24
OP536725	IIb	B.1.11	2022-06-27
OP536724	IIb	B.1.11	2022-06-27
OP536723	IIb	B.1.11	2022-06-22
OP536728	IIb	B.1.4	2022-06-25
OP536726	IIb	B.1.11	2022-06-27
OP536727	IIb	B.1	2022-06-28
OP536729	IIb	B.1	2022-06-28
OP536731	IIb	B.1.13	2022-06-30
OP536730	IIb	B.1	2022-06-28
OP536734	IIb	B.1.13	2022-06-30
OP536733	IIb	B.1.13	2022-06-30
OP536737	IIb	B.1.13	2022-07-01
OP536732	IIb	B.1.13	2022-07-01
OP536738	IIb	B.1.13	2022-07-01
OP536739	IIb	B.1	2022-06-30
OP536740	IIb	B.1	2022-07-02
OP536735	IIb	B.1.2	2022-07-01
OP536736	IIb	B.1.11	2022-07-01
OP536742	IIb	B.1	2022-07-02
OP536744	IIb	B.1	2022-07-04
OP536745	IIb	B.1.13	2022-07-06
OP536746	IIb	B.1.3	2022-08-01
OP536743	IIb	B.1	2022-07-03
OP536741	IIb	B.1	2022-07-01
OP536749	IIb	B.1	2022-08-01
OP536747	IIb	B.1	2022-08-01
OP536750	IIb	B.1.2	2022-08-01
OP536751	IIb	B.1.3	2022-08-01
OP536748	IIb	B.1.3	2022-08-01
OP536752	IIb	B.1.3	2022-08-01
OP536754	IIb	B.1	2022-08-01
OP536755	IIb	B.1.7	2022-08-01
OP536756	IIb	B.1.5	2022-08-01
OP536759	IIb	B.1	2022-08-01
OP536757	IIb	B.1.3	2022-08-01
OP536758	IIb	B.1	2022-08-01
OP536760	IIb	B.1	2022-08-01
OP536762	IIb	B.1.7	2022-08-01
OP536763	IIb	B.1.2	2022-08-01
OP536761	IIb	B.1	2022-08-01
OP536765	IIb	B.1.6	2022-08-01
OP536766	IIb	B.1.7	2022-08-01
OP536764	IIb	B.1.10	2022-09-01
OP536767	IIb	B.1.7	2022-08-01
OP536753	IIb	B.1	2022-08-01
OP536768	IIb	B.1.2	2022-08-01
OP536769	IIb	B.1.7	2022-08-01
OP536770	IIb	B.1	2022-08-01
OP536773	IIb	B.1.2	2022-08-01
OP536771	IIb	B.1	2022-08-01
OP536774	IIb	B.1.7	2022-09-01
OP536775	IIb	B.1.7	2022-08-01
OP536772	IIb	B.1.5	2022-08-01
OP536776	IIb	B.1.7	2022-09-01
OP536777	IIb	B.1.7	2022-09-01
OP536778	IIb	B.1.7	2022-09-01
OP536779	IIb	B.1.3	2022-09-01
OP536780	IIb	B.1.3	2022-08-01
OP536782	IIb	B.1	2022-09-01
OP536783	IIb	B.1.7	2022-09-01
OP536784	IIb	B.1.2	2022-09-01
OP536785	IIb	B.1.3	2022-09-01
OP536781	IIb	B.1	2022-09-01
OP536786	IIb	B.1	2022-01-01
OP536788	IIb	B.1	2022-08-01
OP536789	IIb	B.1.7	2022-08-01
OP536791	IIb	B.1.2	2022-08-01
OP536792	IIb	B.1.7	2022-08-01
OP536793	IIb	B.1	2022-08-01
OP536790	IIb	B.1.2	2022-08-01
OP536795	IIb	B.1.3	2022-08-01
OP536796	IIb	B.1.7	2022-08-01
OP536797	IIb	B.1.2	2022-08-01
OP536787	IIb	B.1	2022-08-01
OP536798	IIb	B.1	2022-08-01
OP536794	IIb	B.1.3	2022-08-01
OP536800	IIb	B.1.1	2022-08-01
OP536801	IIb	B.1.7	2022-09-01
OP536802	IIb	B.1	2022-09-01
OP536804	IIb	B.1.3	2022-09-01
OP536805	IIb	B.1	2022-07-01
OP536806	IIb	B.1.7	2022-08-01
OP536807	IIb	B.1.2	2022-09-01
OP536809	IIb	B.1	2022-08-01
OP536808	IIb	B.1	2022-08-01
OP536803	IIb	B.1	2022-09-01
OP536810	IIb	B.1	2022-08-01
OP536811	IIb	B.1	2022-09-01
OP536813	IIb	B.1	2022-09-01
OP536815	IIb	B.1	2022-09-01
OP536814	IIb	B.1.7	2022-09-01
OP536812	IIb	A.3	2022-09-01
OP539884	IIb	B.1	2022-08-26
OP539885	IIb	B.1	2022-08-26
OP539886	IIb	B.1.2	2022-09-01
OP536799	IIb	B.1.3	2022-08-01
OP539887	IIb	B.1	2022-09-01
OP539888	IIb	B.1	2022-08-17
OP539889	IIb	B.1	2022-08-11
OP539890	IIb	B.1	2022-08-24
OP539891	IIb	B.1	2022-08-22
OP539893	IIb	B.1.3	2022-08-24
OP539892	IIb	B.1.11	2022-08-22
OP539895	IIb	B.1	2022-08-31
OP539894	IIb	B.1	2022-08-25
OP539896	IIb	B.1	2022-09-01
OP539897	IIb	B.1	2022-08-29
OP539898	IIb	B.1	2022-08-30
OP539899	IIb	B.1	2022-08-30
OP539900	IIb	B.1.7	2022-09-14
OP539901	IIb	B.1.7	2022-09-14
OP539902	IIb	B.1.4	2022-08-22
OP539903	IIb	B.1	2022-08-29
OP539904	IIb	B.1.13	2022-08-29
OP539905	IIb	B.1	2022-08-29
OP539906	IIb	B.1	2022-09-12
OP539909	IIb	B.1.2	2022-09-09
OP539910	IIb	B.1.2	2022-09-09
OP539911	IIb	B.1.2	2022-09-09
OP539908	IIb	B.1.2	2022-09-09
OP539914	IIb	B.1.2	2022-09-09
OP539913	IIb	B.1.2	2022-09-09
OP539912	IIb	B.1.2	2022-09-09
OP539907	IIb	B.1.2	2022-09-09
OP539916	IIb	B.1.2	2022-09-09
OP539915	IIb	B.1.2	2022-09-09
OP539918	IIb	B.1.2	2022-09-09
OP539919	IIb	B.1.2	2022-09-09
OP539917	IIb	B.1.2	2022-09-09
OP539920	IIb	B.1.2	2022-09-09
OP539924	IIb	B.1	2022-08-04
OP539922	IIb	B.1.14	2022-08-09
OP539921	IIb	B.1	2022-08-08
OP539923	IIb	B.1.3	2022-08-08
OP539926	IIb	B.1	2022-08-25
OP539928	IIb	B.1	2022-08-24
OP539925	IIb	B.1	2022-08-19
OP539927	IIb	B.1.2	2022-08-29
OP539929	IIb	B.1.2	2022-08-30
OP539930	IIb	B.1	2022-08-30
OP539932	IIb	B.1.2	2022-09-13
OP539931	IIb	B.1	2022-09-02
OP539933	IIb	B.1.11	2022-09-12
OP539934	IIb	B.1.3	2022-08-10
OP539935	IIb	B.1	2022-08-17
OP539936	IIb	B.1	2022-08-17
OP539937	IIb	B.1	2022-08-17
OP539939	IIb	B.1	2022-08-31
OP539938	IIb	B.1	2022-08-23
OP555466	IIb	B.1	2022-07-03
OP555464	IIb	B.1	2022-06-27
OP555465	IIb	B.1	2022-06-30
OP555467	IIb	B.1	2022-07-05
OP555469	IIb	B.1	2022-07-05
OP555468	IIb	B.1	2022-07-05
OP555470	IIb	B.1	2022-07-07
OP555471	IIb	B.1	2022-07-06
OP555472	IIb	B.1.3	2022-07-07
OP555476	IIb	B.1.7	2022-07-13
OP555478	IIb	B.1	2022-07-12
OP555479	IIb	B.1	2022-07-12
OP555473	IIb	B.1.1	2022-07-06
OP555475	IIb	B.1.7	2022-07-06
OP555477	IIb	B.1.9	2022-07-11
OP555474	IIb	B.1	2022-07-06
OP555481	IIb	B.1	2022-07-11
OP555480	IIb	B.1	2022-07-12
OP555482	IIb	B.1.9	2022-07-12
OP555483	IIb	B.1.2	2022-07-12
OP555486	IIb	B.1.5	2022-07-11
OP555484	IIb	B.1	2022-07-12
OP555489	IIb	B.1	2022-07-13
OP555488	IIb	B.1	2022-07-13
OP555490	IIb	B.1.9	2022-07-13
OP555485	IIb	B.1.9	2022-07-12
OP555487	IIb	B.1	2022-07-13
OP555491	IIb	B.1	2022-07-13
OP555492	IIb	B.1	2022-07-13
OP555495	IIb	B.1	2022-07-18
OP555494	IIb	B.1	2022-07-15
OP555493	IIb	B.1	2022-07-15
OP555497	IIb	B.1	2022-07-19
OP555498	IIb	B.1	2022-07-19
OP555499	IIb	B.1	2022-07-19
OP555496	IIb	B.1.1	2022-07-19
OP555501	IIb	B.1	2022-07-20
OP555502	IIb	B.1	2022-07-25
OP555500	IIb	B.1.7	2022-07-19
OP555503	IIb	B.1	2022-07-25
OP555506	IIb	B.1.9	2022-07-26
OP555505	IIb	B.1	2022-07-25
OP555504	IIb	B.1	2022-07-21
OP555508	IIb	B.1	2022-07-26
OP555507	IIb	B.1	2022-07-26
OP555509	IIb	B.1	2022-07-27
OP555513	IIb	B.1	2022-07-31
OP555511	IIb	B.1	2022-07-28
OP555510	IIb	B.1	2022-07-29
OP555516	IIb	B.1	2022-08-01
OP555512	IIb	B.1	2022-08-01
OP555515	IIb	A.2.3	2022-08-01
OP555514	IIb	B.1	2022-08-01
OP555517	IIb	B.1	2022-07-31
OP555518	IIb	B.1	2022-08-02
OP555521	IIb	B.1	2022-08-02
OP555520	IIb	B.1	2022-08-02
OP555519	IIb	B.1	2022-08-02
OP555523	IIb	B.1	2022-08-01
OP555525	IIb	B.1	2022-08-02
OP555522	IIb	B.1	2022-08-02
OP555524	IIb	B.1	2022-08-03
OP555529	IIb	B.1	2022-08-04
OP555527	IIb	B.1	2022-08-03
OP555526	IIb	B.1	2022-08-03
OP555528	IIb	B.1	2022-08-04
OP555530	IIb	B.1	2022-08-03
OP555533	IIb	B.1	2022-08-04
OP555532	IIb	B.1.9	2022-08-04
OP555531	IIb	B.1	2022-08-04
OP555535	IIb	B.1	2022-08-03
OP555534	IIb	B.1	2022-08-05
OP555536	IIb	B.1	2022-08-04
OP555537	IIb	B.1.9	2022-08-04
OP555539	IIb	B.1	2022-08-04
OP555538	IIb	B.1	2022-08-05
OP555540	IIb	B.1	2022-08-04
OP555542	IIb	B.1	2022-08-05
OP555546	IIb	B.1	2022-08-05
OP555541	IIb	B.1	2022-08-04
OP555545	IIb	B.1.11	2022-08-05
OP555543	IIb	B.1	2022-08-07
OP555547	IIb	B.1	2022-08-05
OP555544	IIb	B.1	2022-08-07
OP555548	IIb	B.1	2022-08-08
OP555549	IIb	B.1.9	2022-08-08
OP555555	IIb	B.1	2022-08-09
OP555554	IIb	B.1	2022-08-08
OP555553	IIb	B.1.1	2022-08-08
OP555556	IIb	B.1.9	2022-08-09
OP555550	IIb	B.1.5	2022-08-08
OP555552	IIb	B.1	2022-08-05
OP555557	IIb	B.1.2	2022-08-08
OP555559	IIb	B.1	2022-08-09
OP555560	IIb	B.1	2022-08-10
OP555558	IIb	B.1.7	2022-08-09
OP555561	IIb	B.1	2022-08-10
OP555551	IIb	B.1	2022-08-08
OP555562	IIb	B.1.14	2022-08-09
OP555565	IIb	B.1.9	2022-08-11
OP555563	IIb	B.1.9	2022-08-11
OP555567	IIb	B.1	2022-08-11
OP555569	IIb	B.1.1	2022-08-15
OP555566	IIb	B.1	2022-08-11
OP555564	IIb	B.1.3	2022-08-11
OP555568	IIb	B.1.7	2022-08-11
OP555570	IIb	B.1	2022-08-13
OP555573	IIb	B.1	2022-08-12
OP555572	IIb	B.1	2022-08-15
OP555571	IIb	B.1.9	2022-08-16
OP555576	IIb	B.1	2022-08-12
OP555574	IIb	B.1.9	2022-08-12
OP555577	IIb	B.1	2022-08-12
OP555578	IIb	B.1	2022-08-13
OP555575	IIb	B.1.14	2022-08-16
OP555579	IIb	B.1	2022-08-16
OP555581	IIb	B.1.8	2022-08-16
OP555583	IIb	B.1	2022-08-12
OP555582	IIb	B.1.9	2022-08-12
OP555580	IIb	B.1	2022-08-16
OP555584	IIb	B.1	2022-08-16
OP555585	IIb	B.1.3	2022-08-16
OP555586	IIb	B.1.5	2022-08-16
OP555587	IIb	B.1.1	2022-08-17
OP555590	IIb	B.1	2022-08-17
OP555593	IIb	B.1.2	2022-08-18
OP555589	IIb	B.1.3	2022-08-17
OP555591	IIb	B.1	2022-08-18
OP555595	IIb	B.1.3	2022-08-18
OP555588	IIb	B.1	2022-08-17
OP555592	IIb	B.1.8	2022-08-19
OP555596	IIb	B.1.3	2022-08-18
OP555594	IIb	B.1	2022-08-17
OP555598	IIb	B.1.5	2022-08-19
OP555597	IIb	B.1	2022-08-18
OP555599	IIb	B.1	2022-08-21
OP555600	IIb	B.1	2022-08-22
OP555602	IIb	B.1.1	2022-08-19
OP555603	IIb	B.1	2022-08-18
OP555605	IIb	B.1	2022-08-23
OP555604	IIb	B.1	2022-08-22
OP555601	IIb	B.1	2022-08-20
OP555606	IIb	B.1	2022-08-23
OP555609	IIb	B.1.8	2022-08-23
OP555607	IIb	B.1.9	2022-08-22
OP555610	IIb	B.1	2022-08-23
OP555608	IIb	B.1.9	2022-08-19
OP555611	IIb	B.1	2022-08-24
OP555614	IIb	B.1	2022-08-20
OP555613	IIb	B.1	2022-08-23
OP555612	IIb	B.1	2022-08-23
OP555615	IIb	B.1	2022-08-25
OP555620	IIb	B.1	2022-08-26
OP555619	IIb	B.1	2022-08-27
OP555617	IIb	B.1	2022-08-27
OP555616	IIb	B.1	2022-08-26
OP555618	IIb	B.1	2022-08-26
OP555623	IIb	B.1	2022-08-27
OP555621	IIb	B.1	2022-08-24
OP555624	IIb	B.1	2022-08-26
OP555622	IIb	B.1	2022-08-26
OP555625	IIb	B.1.2	2022-08-30
OP555626	IIb	B.1	2022-08-29
OP555629	IIb	B.1	2022-08-30
OP555627	IIb	B.1.1	2022-08-30
OP555628	IIb	B.1	2022-08-30
OP555630	IIb	B.1	2022-08-30
OP555633	IIb	B.1.3	2022-09-01
OP555632	IIb	B.1.9	2022-08-31
OP555635	IIb	B.1.1	2022-09-05
OP555631	IIb	B.1.9	2022-08-30
OP555637	IIb	B.1	2022-08-31
OP555636	IIb	B.1	2022-09-05
OP555634	IIb	B.1	2022-09-05
OP555638	IIb	B.1	2022-09-03
OP555639	IIb	B.1	2022-09-02
OP555640	IIb	B.1	2022-08-31
OP555641	IIb	B.1.1	2022-09-02
OP555644	IIb	B.1.14	2022-09-06
OP555645	IIb	B.1	2022-09-06
OP555643	IIb	B.1	2022-09-05
OP555642	IIb	B.1	2022-09-05
OP555646	IIb	B.1	2022-09-06
OP555647	IIb	B.1	2022-09-05
OP555650	IIb	B.1.5	2022-09-10
OP555648	IIb	B.1	2022-09-09
OP555649	IIb	B.1	2022-09-12
OP555651	IIb	B.1	2022-09-09
OP555652	IIb	B.1	2022-07-28
OP555653	IIb	B.1	2022-08-02
OP555658	IIb	B.1	2022-09-13
OP555654	IIb	B.1	2022-08-04
OP555655	IIb	B.1.1	2022-08-05
OP555657	IIb	B.1	2022-08-24
OP555659	IIb	B.1.1	2022-09-14
OP555656	IIb	B.1	2022-08-16
OP580151	IIb	B.1.2	2022-06-02
OP555661	IIb	B.1	2022-09-15
OP555662	IIb	B.1	2022-09-16
OP580153	IIb	B.1	2022-06-07
OP580154	IIb	B.1	2022-06-07
OP580152	IIb	B.1.7	2022-06-04
OP555660	IIb	B.1	2022-09-14
OP580155	IIb	B.1	2022-06-21
OP580156	IIb	B.1	2022-06-30
OP580588	IIb	B.1	2022-08-05
OP580587	IIb	B.1	2022-08-05
OP580157	IIb	B.1	2022-07-07
OP580591	IIb	B.1.3	2022-09-23
OP580590	IIb	B.1	2022-09-22
OP580589	IIb	B.1.11	2022-06-16
OP580592	IIb	B.1	2022-08-01
OP580595	IIb	B.1	2022-09-22
OP580594	IIb	B.1	2022-08-08
OP580593	IIb	B.1	2022-08-10
OP580597	IIb	B.1.2	2022-09-22
OP580596	IIb	B.1.3	2022-09-22
OP580598	IIb	B.1	2022-08-01
OP580600	IIb	B.1.3	2022-09-19
OP580599	IIb	B.1.2	2022-08-01
OP580601	IIb	B.1	2022-09-19
OP580603	IIb	B.1	2022-09-20
OP580602	IIb	B.1	2022-08-05
OP580604	IIb	B.1.11	2022-08-01
OP580605	IIb	B.1	2022-08-01
OP580606	IIb	B.1	2022-07-28
OP580607	IIb	B.1	2022-08-03
OP580608	IIb	B.1.4	2022-08-04
OP580610	IIb	B.1.13	2022-08-10
OP580609	IIb	B.1.8	2022-08-02
OP580611	IIb	B.1.11	2022-08-07
OP580613	IIb	B.1	2022-09-21
OP586622	IIb	B.1.4	2022-06-06
OP587240	IIb	B.1	2022-06-28
OP580612	IIb	B.1	2022-09-20
OP587241	IIb	B.1	2022-06-14
OP587242	IIb	B.1	2022-06-22
OP587243	IIb	B.1	2022-06-30
OP587247	IIb	B.1	2022-07-06
OP587244	IIb	B.1	2022-06-16
OP587248	IIb	B.1	2022-07-08
OP587245	IIb	B.1.1	2022-06-17
OP587246	IIb	B.1.7	2022-06-22
OP587250	IIb	B.1	2022-07-07
OP587251	IIb	B.1	2022-07-12
OP587252	IIb	B.1	2022-07-14
OP587249	IIb	B.1	2022-07-12
OP587253	IIb	B.1	2022-07-13
OP587257	IIb	B.1	2022-08-01
OP587256	IIb	B.1	2022-07-11
OP587255	IIb	B.1	2022-06-30
OP587259	IIb	B.1	2022-08-11
OP587258	IIb	B.1	2022-08-15
OP587260	IIb	B.1	2022-08-11
OP587261	IIb	B.1	2022-08-18
OP587254	IIb	B.1	2022-07-08
OP587262	IIb	B.1.11	2022-07-28
OP587264	IIb	B.1	2022-08-07
OP588274	IIb	B.1	2022-09-01
OP588277	IIb	B.1	2022-09-01
OP587263	IIb	B.1.11	2022-07-28
OP588275	IIb	B.1	2022-09-01
OP588276	IIb	B.1	2022-09-01
OP588278	IIb	B.1	2022-09-01
OP588279	IIb	B.1	2022-09-01
OP588281	IIb	B.1	2022-09-01
OP588283	IIb	B.1	2022-09-01
OP588282	IIb	B.1	2022-09-01
OP588280	IIb	B.1.3	2022-09-01
OP588945	IIb	B.1.3	2022-07-01
OP588284	IIb	B.1	2022-09-01
OP588946	IIb	B.1.3	2022-07-01
OP594186	IIb	B.1.2	2022-09-01
OP594188	IIb	B.1	2022-09-01
OP594187	IIb	B.1.1	2022-09-01
OP594189	IIb	B.1	2022-09-01
OP594192	IIb	B.1	2022-09-01
OP594190	IIb	B.1	2022-09-01
OP594193	IIb	B.1.10	2022-09-01
OP594191	IIb	B.1.2	2022-09-01
OP594194	IIb	B.1	2022-09-01
OP594195	IIb	B.1	2022-09-01
OP594197	IIb	B.1	2022-09-01
OP594196	IIb	B.1	2022-09-01
OP594199	IIb	B.1	2022-09-01
OP594201	IIb	B.1.1	2022-09-01
OP594198	IIb	B.1	2022-09-01
OP594200	IIb	B.1	2022-09-01
OP594204	IIb	B.1.5	2022-09-01
OP594203	IIb	B.1.3	2022-09-01
OP594205	IIb	B.1.5	2022-09-01
OP594202	IIb	B.1.8	2022-09-01
OP594207	IIb	B.1	2022-09-01
OP594206	IIb	B.1	2022-09-01
OP597769	IIb	A.2.1	2022-09-26
OP594208	IIb	B.1	2022-09-01
OP597778	IIb	B.1	2022-06-27
OP597777	IIb	B.1	2022-06-27
OP597775	IIb	B.1.11	2022-06-24
OP597780	IIb	B.1	2022-06-29
OP597776	IIb	B.1	2022-06-25
OP597781	IIb	B.1.13	2022-07-05
OP597779	IIb	B.1	2022-06-29
OP597782	IIb	B.1.7	2022-07-05
OP597783	IIb	B.1	2022-07-08
OP597785	IIb	B.1	2022-07-12
OP597784	IIb	B.1	2022-07-12
OP597787	IIb	B.1	2022-07-14
OP597786	IIb	B.1.11	2022-07-13
OP597788	IIb	B.1.13	2022-07-17
OP597789	IIb	B.1.11	2022-07-18
OP597790	IIb	B.1.3	2022-07-18
OP597791	IIb	B.1.8	2022-07-16
OP597793	IIb	B.1.2	2022-07-20
OP597792	IIb	B.1.13	2022-07-19
OP597795	IIb	B.1.2	2022-07-21
OP597796	IIb	B.1.8	2022-07-18
OP597794	IIb	B.1	2022-07-21
OP597797	IIb	B.1.2	2022-07-22
OP597798	IIb	B.1.2	2022-07-21
OP598103	IIb	B.1.2	2022-09-06
OP598102	IIb	B.1.2	2022-09-06
OP597799	IIb	B.1.2	2022-07-20
OP603001	IIb	B.1.8	2022-07-01
OP603003	IIb	B.1.2	2022-07-01
OP603002	IIb	B.1.11	2022-07-01
OP598104	IIb	B.1	2022-09-13
OP603004	IIb	B.1	2022-07-01
OP603005	IIb	B.1	2022-07-01
OP603006	IIb	B.1.2	2022-07-01
OP603007	IIb	B.1	2022-06-01
OP603008	IIb	B.1	2022-07-01
OP603009	IIb	B.1.13	2022-07-01
OP603010	IIb	B.1.13	2022-07-01
OP603011	IIb	B.1.11	2022-06-01
OP603012	IIb	B.1.11	2022-07-01
OP603014	IIb	B.1	2022-07-01
OP603013	IIb	B.1	2022-07-01
OP603016	IIb	B.1	2022-06-01
OP603015	IIb	B.1	2022-07-01
OP604519	IIb	B.1	2022-07-01
OP603017	IIb	B.1.7	2022-06-01
OP603018	IIb	B.1	2022-06-01
OP604521	IIb	B.1.7	2022-07-01
OP604520	IIb	B.1.3	2022-07-01
OP604523	IIb	B.1.2	2022-07-01
OP604522	IIb	B.1	2022-06-01
OP604524	IIb	B.1.1	2022-07-01
OP604525	IIb	B.1	2022-07-01
OP604526	IIb	B.1	2022-07-01
OP604527	IIb	B.1.7	2022-06-01
OP604528	IIb	B.1	2022-06-01
OP604529	IIb	B.1.2	2022-06-01
OP604530	IIb	B.1	2022-06-01
OP604531	IIb	B.1.8	2022-07-01
OP604532	IIb	B.1.7	2022-06-01
OP604533	IIb	B.1	2022-06-01
OP604565	IIb	B.1.3	2022-08-24
OP604566	IIb	B.1.3	2022-08-28
OP604567	IIb	B.1.7	2022-09-12
OP604568	IIb	B.1.2	2022-09-15
OP604569	IIb	B.1	2022-09-14
OP605552	IIb	B.1.3	2022-06-01
OP605551	IIb	B.1.3	2022-06-01
OP605553	IIb	B.1.14	2022-07-01
OP605554	IIb	B.1	2022-07-01
OP605555	IIb	B.1.14	2022-07-01
OP605557	IIb	B.1	2022-07-01
OP605560	IIb	B.1.3	2022-07-01
OP605558	IIb	B.1	2022-07-01
OP605559	IIb	B.1	2022-07-01
OP605561	IIb	B.1	2022-07-01
OP605562	IIb	B.1.3	2022-07-01
OP605564	IIb	B.1.3	2022-07-01
OP605563	IIb	B.1	2022-07-01
OP605565	IIb	B.1	2022-07-01
OP605567	IIb	B.1	2022-07-01
OP605566	IIb	B.1	2022-07-01
OP605568	IIb	B.1.3	2022-07-01
OP605569	IIb	B.1	2022-07-01
OP605570	IIb	B.1.3	2022-07-01
OP605571	IIb	B.1	2022-07-01
OP605572	IIb	A.2.1	2022-07-01
OP605573	IIb	B.1	2022-07-01
OP605574	IIb	B.1.3	2022-07-01
OP605575	IIb	B.1	2022-07-01
OP605579	nan	nan	2022-07-01
OP605576	nan	nan	2022-07-01
OP605583	IIb	B.1.2	2022-08-01
OP605581	IIb	B.1.3	2022-08-01
OP605578	IIb	B.1.3	2022-07-01
OP605582	IIb	B.1	2022-08-01
OP605584	IIb	B.1	2022-08-01
OP605577	IIb	B.1.3	2022-07-01
OP605586	nan	nan	2022-08-01
OP605587	nan	nan	2022-08-01
OP605580	IIb	B.1	2022-08-01
OP605585	IIb	B.1.3	2022-08-01
OP612674	IIb	A.1	2019-01-16
OP612675	IIb	A	2019-02-03
OP612678	IIb	A	2019-03-19
OP612677	IIb	A.3	2019-03-14
OP605588	IIb	B.1	2022-08-01
OP612680	IIb	A	2019-04-03
OP605589	IIb	B.1	2022-09-01
OP612681	IIb	A.1	2019-04-29
OP612683	IIb	A.1	2019-04-29
OP612682	IIb	A.1	2019-04-29
OP612684	IIb	A	2019-05-13
OP612685	IIb	A.1	2019-06-08
OP612679	IIb	A.1	2019-03-18
OP612686	IIb	A.1	2019-07-01
OP612676	IIb	A	2019-02-26
OP612690	IIb	A.2	2019-12-20
OP612689	IIb	A.2	2019-12-19
OP612687	IIb	A.1	2019-08-19
OP612688	IIb	A.1	2019-11-16
OP615254	IIb	B.1.3	2022-07-29
OP615255	IIb	B.1	2022-07-29
OP615256	IIb	B.1	2022-07-29
OP615257	IIb	B.1	2022-07-27
OP612691	IIb	A.2	2020-01-23
OP615260	IIb	B.1	2022-09-27
OP615261	IIb	B.1	2022-07-18
OP615259	IIb	B.1	2022-07-15
OP615262	IIb	B.1	2022-07-17
OP615263	IIb	B.1	2022-07-17
OP605556	IIb	B.1	2022-07-01
OP615265	IIb	B.1	2022-07-19
OP615264	IIb	B.1	2022-07-15
OP615258	IIb	B.1	2022-09-26
OP615268	IIb	B.1	2022-07-20
OP615269	IIb	B.1	2022-07-20
OP615267	IIb	B.1.3	2022-07-18
OP615271	IIb	B.1.2	2022-07-19
OP615270	IIb	B.1	2022-07-19
OP615266	IIb	B.1	2022-07-19
OP615272	IIb	B.1	2022-07-19
OP615273	IIb	B.1.2	2022-07-19
OP615275	IIb	B.1	2022-07-20
OP615274	IIb	B.1	2022-07-19
OP615276	IIb	B.1	2022-07-19
OP615278	IIb	B.1	2022-07-27
OP615321	IIb	B.1	2022-09-01
OP615324	IIb	B.1	2022-09-01
OP615277	IIb	B.1.2	2022-07-25
OP615325	IIb	B.1	2022-09-01
OP615322	IIb	B.1.3	2022-09-01
OP615280	IIb	B.1	2022-09-18
OP615279	IIb	B.1.11	2022-09-13
OP615323	IIb	B.1	2022-09-01
OP615327	IIb	B.1	2022-09-01
OP615329	IIb	B.1.1	2022-09-01
OP615326	IIb	B.1.2	2022-09-01
OP615331	IIb	B.1.1	2022-09-01
OP615330	IIb	B.1.1	2022-09-01
OP615328	IIb	B.1	2022-09-01
OP615332	IIb	B.1	2022-09-01
OP615333	IIb	B.1	2022-09-01
OP615334	IIb	B.1	2022-09-01
OP615335	IIb	B.1.2	2022-09-01
OP615337	IIb	B.1.1	2022-09-01
OP615336	IIb	B.1.1	2022-09-01
OP615338	IIb	B.1.8	2022-09-01
OP615339	IIb	B.1	2022-09-01
OP615340	IIb	B.1.7	2022-09-01
OP615341	IIb	B.1	2022-09-01
OP623589	IIb	B.1	2022-08-30
OP623592	IIb	B.1	2022-08-09
OP623590	IIb	B.1	2022-09-03
OP623593	IIb	B.1.10	2022-09-17
OP626104	IIb	B.1.5	2022-06-01
OP623591	IIb	B.1	2022-09-06
OP626105	IIb	B.1	2022-06-01
OP626106	IIb	B.1.1	2022-06-01
OP626108	IIb	B.1.14	2022-07-01
OP626107	IIb	B.1	2022-07-01
OP626109	IIb	B.1	2022-07-01
OP626110	IIb	B.1.1	2022-07-01
OP626112	IIb	B.1.2	2022-07-01
OP626111	IIb	B.1.1	2022-07-01
OP626113	IIb	B.1	2022-07-01
OP626114	IIb	B.1	2022-07-01
OP626116	IIb	B.1	2022-07-01
OP626115	IIb	B.1.1	2022-07-01
OP626117	IIb	B.1	2022-07-01
OP626118	IIb	B.1	2022-07-01
OP626119	IIb	B.1	2022-07-01
OP626120	IIb	B.1	2022-07-01
OP626121	IIb	B.1	2022-07-01
OP626122	IIb	B.1	2022-07-01
OP626123	IIb	B.1.5	2022-07-01
OP626124	IIb	B.1	2022-07-01
OP626125	IIb	B.1.2	2022-07-01
OP626126	IIb	B.1	2022-07-01
OP626127	IIb	B.1	2022-07-01
OP626128	IIb	B.1.1	2022-07-01
OP626129	IIb	B.1.8	2022-07-01
OP626130	IIb	B.1.8	2022-07-01
OP626135	IIb	B.1.4	2022-09-01
OP626132	IIb	B.1.1	2022-07-01
OP626131	IIb	B.1.2	2022-07-01
OP626134	IIb	B.1.5	2022-09-01
OP626136	IIb	B.1.8	2022-09-01
OP626133	IIb	B.1.7	2022-07-01
OP626137	IIb	B.1	2022-09-01
OP626138	IIb	B.1	2022-09-01
OP626139	IIb	B.1.5	2022-09-01
OP628437	IIb	B.1.8	2022-08-01
OP628438	IIb	B.1.11	2022-08-01
OP628439	IIb	B.1	2022-08-01
OP628440	IIb	B.1	2022-08-01
OP628441	IIb	B.1.11	2022-08-01
OP628443	IIb	B.1.1	2022-08-01
OP628442	IIb	B.1	2022-08-01
OP628444	IIb	B.1	2022-08-01
OP628446	IIb	B.1	2022-08-01
OP628447	IIb	B.1.8	2022-08-01
OP628445	IIb	B.1	2022-08-01
OP628450	IIb	B.1	2022-08-01
OP628449	IIb	B.1	2022-08-01
OP628451	IIb	B.1	2022-08-01
OP628448	IIb	B.1.1	2022-08-01
OP628454	IIb	B.1	2022-08-01
OP628453	IIb	B.1.1	2022-08-01
OP628452	IIb	B.1	2022-08-01
OP628456	IIb	B.1	2022-07-01
OP628455	IIb	B.1	2022-08-01
OP628457	IIb	B.1.11	2022-08-01
OP628458	IIb	B.1	2022-08-01
OP628459	IIb	B.1	2022-08-01
OP628460	IIb	B.1	2022-08-01
OP628461	IIb	B.1.1	2022-08-01
OP628464	IIb	B.1	2022-08-01
OP628463	IIb	B.1	2022-08-01
OP628465	IIb	B.1.11	2022-08-01
OP628466	IIb	B.1.3	2022-08-01
OP628469	IIb	B.1	2022-08-01
OP628462	IIb	B.1	2022-08-01
OP628467	IIb	B.1	2022-08-01
OP628468	IIb	B.1	2022-08-01
OP628470	IIb	B.1	2022-08-01
OP628472	IIb	B.1	2022-08-01
OP628471	IIb	B.1.11	2022-08-01
OP628473	IIb	B.1	2022-08-01
OP628474	IIb	B.1	2022-08-01
OP628475	IIb	B.1	2022-08-01
OP628476	IIb	B.1	2022-08-01
OP628477	IIb	B.1.11	2022-08-01
OP628480	IIb	B.1	2022-08-01
OP628479	IIb	B.1.1	2022-08-01
OP628478	IIb	B.1.11	2022-08-01
OP628481	IIb	B.1.11	2022-08-01
OP628482	IIb	B.1	2022-08-01
OP628484	IIb	B.1	2022-08-01
OP628483	IIb	B.1	2022-08-01
OP628486	IIb	B.1	2022-08-01
OP628485	IIb	B.1	2022-08-01
OP628487	IIb	B.1	2022-08-01
OP628488	IIb	B.1	2022-09-01
OP628489	IIb	B.1	2022-09-01
OP628490	IIb	B.1.4	2022-09-01
OP628491	IIb	B.1	2022-09-01
OP642373	IIb	B.1.10	2022-09-08
OP642374	IIb	B.1.8	2022-09-08
OP642375	IIb	B.1.6	2022-09-07
OP642376	IIb	B.1	2022-09-07
OP642377	IIb	B.1.10	2022-09-07
OP642362	IIb	A.2.1	2022-07-13
OP642378	IIb	B.1	2022-09-07
OP642379	IIb	B.1.10	2022-09-08
OP642380	IIb	B.1.6	2022-09-08
OP642383	IIb	B.1	2022-09-09
OP642381	IIb	B.1.10	2022-09-08
OP642386	IIb	B.1.10	2022-09-09
OP642387	IIb	B.1.10	2022-09-09
OP642382	IIb	B.1	2022-09-09
OP642388	IIb	B.1.10	2022-09-09
OP642385	IIb	B.1.6	2022-09-09
OP642384	IIb	B.1.10	2022-09-09
OP642389	IIb	B.1.10	2022-09-08
OP642391	IIb	B.1.10	2022-09-02
OP642392	IIb	B.1.10	2022-09-07
OP642390	IIb	B.1	2022-09-06
OP642394	IIb	B.1	2022-09-07
OP642393	IIb	B.1	2022-09-07
OP642397	IIb	B.1	2022-09-09
OP642396	IIb	B.1.10	2022-09-07
OP642395	IIb	B.1	2022-09-07
OP642398	IIb	B.1.10	2022-09-12
OP642399	IIb	B.1.10	2022-09-12
OP642401	IIb	B.1.6	2022-09-12
OP642400	IIb	B.1.10	2022-09-12
OP642402	IIb	B.1	2022-09-12
OP642403	IIb	B.1.10	2022-09-13
OP642406	IIb	B.1.10	2022-09-12
OP642405	IIb	B.1.6	2022-09-13
OP642404	IIb	B.1.6	2022-09-13
OP642407	IIb	B.1	2022-09-13
OP642408	IIb	B.1	2022-09-13
OP642409	IIb	B.1	2022-09-13
OP642410	IIb	B.1	2022-09-05
OP642411	IIb	B.1	2022-09-13
OP642412	IIb	B.1.10	2022-09-13
OP642415	IIb	B.1.10	2022-09-13
OP642414	IIb	B.1.10	2022-09-04
OP642413	IIb	B.1	2022-09-13
OP642416	IIb	B.1.11	2022-09-12
OP642417	IIb	B.1.10	2022-09-13
OP642418	IIb	B.1.10	2022-09-14
OP642421	IIb	B.1.11	2022-09-03
OP642419	IIb	B.1	2022-09-14
OP642420	IIb	B.1	2022-09-14
OP642422	IIb	B.1.10	2022-09-14
OP642423	IIb	B.1	2022-09-14
OP650027	IIb	B.1	2022-08-01
OP650029	IIb	B.1	2022-07-26
OP650032	IIb	B.1.2	2022-09-07
OP650031	IIb	B.1.2	2022-09-07
OP680486	IIb	B.1.2	2022-07-14
OP650030	IIb	B.1.2	2022-09-06
OP680487	IIb	B.1.7	2022-07-14
OP680488	IIb	B.1	2022-07-14
OP680489	IIb	B.1	2022-09-30
OP680490	IIb	B.1	2022-07-14
OP680491	IIb	B.1	2022-07-14
OP680494	IIb	B.1	2022-07-13
OP680496	IIb	B.1	2022-10-05
OP680493	IIb	B.1.11	2022-07-14
OP680497	IIb	B.1	2022-07-15
OP680492	IIb	B.1	2022-07-12
OP680495	IIb	B.1	2022-09-29
OP680498	IIb	B.1	2022-07-15
OP680499	IIb	B.1	2022-07-15
OP680500	IIb	B.1	2022-10-03
OP680504	IIb	B.1	2022-10-03
OP680502	IIb	B.1	2022-10-03
OP680503	IIb	B.1	2022-10-03
OP680501	IIb	B.1	2022-10-03
OP680505	IIb	B.1	2022-10-03
OP680506	IIb	B.1	2022-10-04
OP680508	IIb	B.1	2022-10-03
OP680507	IIb	B.1	2022-10-03
OP680509	IIb	B.1	2022-10-04
OP680510	IIb	B.1	2022-07-15
OP680511	IIb	B.1.13	2022-07-18
OP680512	IIb	B.1	2022-07-12
OP681773	IIb	B.1.8	2022-09-01
OP681772	IIb	B.1.4	2022-08-01
OP681774	IIb	B.1.8	2022-09-01
OP681777	IIb	B.1.4	2022-09-01
OP687926	IIb	B.1	2022-07-01
OP687927	IIb	B.1	2022-06-01
OP687928	IIb	B.1	2022-06-01
OP681775	IIb	B.1.8	2022-09-01
OP681776	IIb	B.1.4	2022-09-01
OP687929	IIb	B.1.2	2022-07-01
OP687930	IIb	B.1.8	2022-07-01
OP687931	IIb	B.1.8	2022-07-01
OP687932	IIb	B.1	2022-07-01
OP687934	IIb	B.1	2022-08-01
OP687933	IIb	B.1	2022-08-01
OP687935	IIb	B.1.2	2022-08-01
OP687937	IIb	B.1	2022-08-01
OP687936	IIb	B.1.7	2022-07-01
OP687938	IIb	B.1.9	2022-08-01
OP687939	IIb	B.1.7	2022-07-01
OP687940	IIb	B.1	2022-08-01
OP687941	IIb	B.1	2022-08-01
OP687943	IIb	B.1	2022-07-01
OP687942	IIb	B.1	2022-08-01
OP687944	IIb	B.1.2	2022-07-01
OP687945	IIb	B.1.2	2022-07-01
OP687946	IIb	B.1.2	2022-08-01
OP687947	IIb	B.1.2	2022-08-01
OP687948	IIb	B.1.2	2022-08-01
OP687949	IIb	B.1.2	2022-08-01
OP689656	IIb	B.1	2022-08-01
OP689655	IIb	B.1	2022-08-01
OP689657	IIb	B.1	2022-08-01
OP689658	IIb	B.1	2022-08-01
OP689659	IIb	B.1	2022-09-01
OP689660	IIb	B.1.14	2022-09-01
OP689662	IIb	B.1.1	2022-09-01
OP689661	IIb	B.1	2022-09-01
OP689665	IIb	B.1	2022-10-01
OP689663	IIb	B.1	2022-10-01
OP689664	IIb	B.1.10	2022-10-01
OP689666	IIb	B.1	2022-06-01
OP689667	IIb	B.1	2022-06-01
OP689668	IIb	B.1.1	2022-06-01
OP689669	IIb	B.1	2022-06-01
OP689672	IIb	B.1	2022-06-01
OP689670	IIb	B.1	2022-06-01
OP689671	IIb	B.1.2	2022-06-01
OP689674	IIb	B.1.5	2022-06-01
OP689673	IIb	B.1	2022-06-01
OP689675	IIb	B.1.5	2022-06-01
OP689677	IIb	B.1.2	2022-06-01
OP689676	IIb	B.1.1	2022-06-01
OP689678	IIb	B.1	2022-06-01
OP689680	IIb	B.1.2	2022-06-01
OP689679	IIb	B.1	2022-06-01
OP689681	IIb	B.1	2022-07-01
OP689684	IIb	B.1.1	2022-07-01
OP689685	IIb	B.1	2022-07-01
OP689687	IIb	B.1	2022-09-01
OP689683	IIb	B.1	2022-07-01
OP689686	IIb	B.1.1	2022-07-01
OP689682	IIb	B.1.5	2022-07-01
OP693650	IIb	B.1.10	2022-08-07
OP693649	IIb	B.1	2022-07-29
OP693651	IIb	B.1	2022-08-23
OP693653	IIb	B.1	2022-08-29
OP693647	IIb	B.1	2022-08-08
OP693648	IIb	B.1.11	2022-08-09
OP693652	IIb	B.1.9	2022-08-16
OP693654	IIb	B.1	2022-08-23
OP693655	IIb	B.1	2022-09-03
OP693656	IIb	B.1.11	2022-09-10
OP696841	IIb	B.1	2022-07-01
OP715789	IIb	B.1.11	2022-09-01
OP715788	IIb	B.1.11	2022-09-01
OP715815	IIb	B.1.1	2022-06-01
OP715818	IIb	B.1.1	2022-06-01
OP715816	IIb	B.1	2022-06-01
OP715817	IIb	B.1.7	2022-06-01
OP715819	IIb	B.1.1	2022-06-01
OP715821	IIb	B.1	2022-06-01
OP715820	IIb	B.1.8	2022-06-01
OP696838	IIb	B.1.1	2022-06-01
OP715824	IIb	B.1.7	2022-06-01
OP715825	IIb	B.1	2022-06-01
OP715822	IIb	B.1.2	2022-06-01
OP715823	IIb	B.1	2022-06-01
OP715827	IIb	B.1	2022-06-01
OP715828	IIb	B.1.7	2022-06-01
OP715826	IIb	B.1	2022-06-01
OP715829	IIb	B.1	2022-06-01
OP715831	IIb	B.1.1	2022-06-01
OP715832	IIb	B.1	2022-06-01
OP715830	IIb	B.1.2	2022-06-01
OP715833	IIb	B.1	2022-06-01
OP715835	IIb	B.1.1	2022-07-01
OP715834	IIb	B.1.2	2022-06-01
OP696840	IIb	B.1.1	2022-06-01
OP722494	IIb	B.1	2022-07-13
OP696839	IIb	B.1.1	2022-06-01
OP722495	IIb	B.1.2	2022-07-14
OP722499	IIb	B.1.2	2022-07-18
OP722496	IIb	B.1.2	2022-07-20
OP722498	IIb	B.1	2022-07-20
OP722500	IIb	B.1.2	2022-07-18
OP722497	IIb	B.1	2022-07-21
OP722501	IIb	B.1	2022-07-15
OP722502	IIb	B.1	2022-07-20
OP696842	IIb	B.1	2022-09-01
OP722503	IIb	B.1.3	2022-07-20
OP722504	IIb	B.1	2022-07-18
OP722505	IIb	B.1	2022-07-15
OP722506	IIb	B.1.4	2022-07-16
OP722508	IIb	B.1	2022-07-19
OP722507	IIb	B.1	2022-07-18
OP722509	IIb	B.1	2022-07-21
OP722510	IIb	B.1	2022-07-20
OP722511	IIb	B.1	2022-07-14
OP722513	IIb	B.1	2022-10-11
OP722512	IIb	B.1	2022-10-11
OP722514	IIb	B.1.2	2022-07-13
OP722515	IIb	B.1	2022-07-13
OP722516	IIb	B.1	2022-07-13
OP722517	IIb	B.1	2022-07-12
OP727820	IIb	B.1	2022-07-29
OP727823	IIb	B.1	2022-10-09
OP743358	IIb	B.1	2022-05-21
OP727822	IIb	B.1.7	2022-10-02
OP727821	IIb	B.1.3	2022-08-27
OP743360	IIb	B.1	2022-07-08
OP743357	IIb	B.1	2022-05-21
OP743359	IIb	B.1.1	2022-07-07
OP743363	IIb	B.1	2022-07-22
OP743362	IIb	B.1.14	2022-07-21
OP743364	IIb	B.1	2022-07-26
OP743366	IIb	B.1.7	2022-08-05
OP743365	IIb	B.1	2022-07-27
OP743361	IIb	B.1	2022-07-21
OP743951	IIb	B.1.3	2022-07-01
OP743953	IIb	B.1	2022-08-01
OP743367	IIb	B.1	2022-08-05
OP743954	IIb	B.1	2022-08-01
OP743955	IIb	B.1.1	2022-08-01
OP743958	IIb	B.1	2022-08-01
OP743952	IIb	B.1	2022-08-01
OP743959	IIb	B.1	2022-08-01
OP743961	IIb	B.1.7	2022-08-01
OP743957	IIb	B.1.13	2022-08-01
OP743956	IIb	B.1	2022-08-01
OP743962	IIb	B.1.1	2022-08-01
OP743960	IIb	B.1	2022-08-01
OP743965	IIb	B.1.11	2022-09-01
OP743966	IIb	B.1.14	2022-09-01
OP743964	IIb	B.1	2022-09-01
OP743969	IIb	B.1	2022-09-01
OP743963	IIb	B.1	2022-09-01
OP743967	IIb	B.1.2	2022-09-01
OP743968	IIb	B.1.11	2022-09-01
OP743971	IIb	B.1	2022-09-01
OP743972	IIb	B.1	2022-09-01
OP743970	IIb	B.1	2022-09-01
OP743974	IIb	B.1.11	2022-09-01
OP743975	IIb	B.1.11	2022-09-01
OP743978	IIb	B.1	2022-09-01
OP743973	IIb	B.1	2022-09-01
OP743977	IIb	B.1	2022-09-01
OP743976	IIb	B.1	2022-09-01
OP743981	IIb	B.1.11	2022-09-01
OP743979	IIb	B.1	2022-09-01
OP743980	IIb	B.1.11	2022-09-01
OP743982	IIb	B.1	2022-09-01
OP743983	IIb	B.1.11	2022-09-01
OP743985	IIb	B.1	2022-09-01
OP743984	IIb	B.1	2022-09-01
OP743987	IIb	B.1	2022-09-01
OP743986	IIb	B.1.11	2022-09-01
OP743990	IIb	B.1.11	2022-09-01
OP743991	IIb	B.1	2022-09-01
OP743992	IIb	B.1	2022-09-01
OP743989	IIb	B.1.11	2022-09-01
OP743988	IIb	B.1.11	2022-09-01
OP743993	IIb	B.1.11	2022-09-01
OP743996	IIb	B.1.2	2022-10-01
OP743997	IIb	B.1	2022-10-01
OP743998	IIb	B.1	2022-10-01
OP743994	IIb	B.1	2022-08-01
OP747051	IIb	B.1.1	2022-08-01
OP743995	IIb	B.1.2	2022-10-01
OP747052	IIb	B.1.11	2022-09-01
OP743999	IIb	B.1.2	2022-10-01
OP744000	IIb	B.1	2022-10-01
OP747053	IIb	B.1	2022-09-01
OP747054	IIb	B.1	2022-09-01
OP747056	IIb	B.1	2022-09-01
OP747055	IIb	B.1.11	2022-09-01
OP747057	IIb	B.1	2022-09-01
OP747058	IIb	B.1.11	2022-10-01
OP747061	IIb	B.1.2	2022-09-01
OP747060	IIb	B.1	2022-10-01
OP747059	IIb	B.1	2022-10-01
OP747062	IIb	B.1	2022-10-01
